Date,EQ_Sum
2006-01-01,858.8000000000001
2006-01-02,827.1
2006-01-03,944.1000000000001
2006-01-04,981.9000000000001
2006-01-05,1039.5
2006-01-06,1007.3000000000001
2006-01-07,1037.0
2006-01-08,922.7
2006-01-09,892.9000000000001
2006-01-10,847.7
2006-01-11,845.0
2006-01-12,854.6000000000001
2006-01-13,794.8000000000001
2006-01-14,807.3
2006-01-15,769.0
2006-01-16,706.2
2006-01-17,622.5
2006-01-18,645.3999999999999
2006-01-19,638.3
2006-01-20,602.7
2006-01-21,681.3
2006-01-22,762.1
2006-01-23,752.4
2006-01-24,737.5
2006-01-25,746.4000000000001
2006-01-26,742.4
2006-01-27,763.0
2006-01-28,794.8999999999999
2006-01-29,740.7
2006-01-30,792.8
2006-01-31,752.9000000000001
2006-02-01,700.9000000000001
2006-02-02,730.5999999999999
2006-02-03,794.9000000000001
2006-02-04,843.9000000000001
2006-02-05,879.8
2006-02-06,924.6
2006-02-07,960.6000000000001
2006-02-08,937.4
2006-02-09,868.4000000000001
2006-02-10,899.0000000000001
2006-02-11,854.3
2006-02-12,800.1000000000001
2006-02-13,799.1
2006-02-14,861.7
2006-02-15,783.6
2006-02-16,835.4000000000001
2006-02-17,874.9999999999999
2006-02-18,894.3
2006-02-19,905.5999999999999
2006-02-20,955.7
2006-02-21,915.8000000000001
2006-02-22,889.5
2006-02-23,921.5
2006-02-24,960.3000000000001
2006-02-25,1014.3000000000001
2006-02-26,1007.8000000000001
2006-02-27,1083.5
2006-02-28,1035.0
2006-03-01,948.3000000000002
2006-03-02,959.3
2006-03-03,999.3
2006-03-04,963.0
2006-03-05,984.1000000000001
2006-03-06,1030.8999999999999
2006-03-07,1000.2
2006-03-08,978.4000000000001
2006-03-09,941.8000000000001
2006-03-10,1376.2
2006-03-11,1615.4
2006-03-12,1574.6
2006-03-13,1638.1999999999998
2006-03-14,1629.0
2006-03-15,1261.4
2006-03-16,1016.6
2006-03-17,1033.2
2006-03-18,968.3
2006-03-19,966.2
2006-03-20,971.0
2006-03-21,993.4000000000001
2006-03-22,976.9
2006-03-23,980.8
2006-03-24,949.0999999999999
2006-03-25,866.7
2006-03-26,944.5999999999999
2006-03-27,1004.5999999999999
2006-03-28,1023.5
2006-03-29,1094.9
2006-03-30,1135.4
2006-03-31,995.2
2006-04-01,1020.6
2006-04-02,1249.3
2006-04-03,1234.1
2006-04-04,1212.5
2006-04-05,1242.0
2006-04-06,1239.5
2006-04-07,1012.5
2006-04-08,1009.3000000000001
2006-04-09,986.7
2006-04-10,1026.2
2006-04-11,1000.5
2006-04-12,989.0999999999999
2006-04-13,946.7
2006-04-14,975.4
2006-04-15,899.3
2006-04-16,851.4
2006-04-17,865.4
2006-04-18,894.0
2006-04-19,827.3
2006-04-20,869.2
2006-04-21,1031.1000000000001
2006-04-22,1544.8
2006-04-23,1612.5
2006-04-24,1684.7
2006-04-25,1714.4
2006-04-26,1589.8
2006-04-27,1065.1
2006-04-28,1030.6000000000001
2006-04-29,1055.5000000000002
2006-04-30,1027.4
2006-05-01,1208.2
2006-05-02,1286.7
2006-05-03,1307.8
2006-05-04,1381.5
2006-05-05,1517.1999999999998
2006-05-06,1338.0
2006-05-07,1270.0
2006-05-08,1289.9
2006-05-09,1216.6
2006-05-10,1044.4
2006-05-11,1032.6999999999998
2006-05-12,1059.2000000000003
2006-05-13,1041.2
2006-05-14,993.8
2006-05-15,1044.7
2006-05-16,1041.1
2006-05-17,1083.8000000000002
2006-05-18,1092.7999999999997
2006-05-19,1138.2
2006-05-20,1111.1
2006-05-21,1095.5
2006-05-22,1035.7
2006-05-23,1096.6
2006-05-24,1050.0
2006-05-25,1143.1
2006-05-26,1209.4
2006-05-27,1255.6
2006-05-28,1214.0
2006-05-29,1320.1
2006-05-30,1241.9
2006-05-31,1195.6999999999998
2006-06-01,1105.3000000000002
2006-06-02,1046.0
2006-06-03,1040.5
2006-06-04,1007.1
2006-06-05,1020.0000000000002
2006-06-06,1060.9
2006-06-07,1060.0
2006-06-08,925.6
2006-06-09,891.9000000000001
2006-06-10,861.4
2006-06-11,783.7
2006-06-12,760.5
2006-06-13,763.0999999999999
2006-06-14,738.7
2006-06-15,795.7
2006-06-16,911.5000000000001
2006-06-17,939.3000000000001
2006-06-18,994.9
2006-06-19,1137.6
2006-06-20,1042.2
2006-06-21,902.0
2006-06-22,860.4000000000001
2006-06-23,829.4000000000001
2006-06-24,817.0000000000001
2006-06-25,955.4000000000001
2006-06-26,1036.5
2006-06-27,1041.0
2006-06-28,1099.1
2006-06-29,1036.7
2006-06-30,895.9
2006-07-01,865.4000000000001
2006-07-02,873.3
2006-07-03,849.2
2006-07-04,836.4000000000001
2006-07-05,844.1
2006-07-06,873.8
2006-07-07,924.7
2006-07-08,891.2
2006-07-09,925.2
2006-07-10,1131.5
2006-07-11,1209.6999999999998
2006-07-12,1244.3999999999999
2006-07-13,1250.1
2006-07-14,1229.4
2006-07-15,1092.4
2006-07-16,1017.8
2006-07-17,902.9000000000001
2006-07-18,1556.6
2006-07-19,1848.3
2006-07-20,2032.3
2006-07-21,2099.4
2006-07-22,2116.7
2006-07-23,1488.4
2006-07-24,1251.8000000000002
2006-07-25,1082.9
2006-07-26,1041.7000000000003
2006-07-27,1081.1000000000001
2006-07-28,1082.1
2006-07-29,1018.5
2006-07-30,930.3999999999999
2006-07-31,880.4
2006-08-01,858.4000000000001
2006-08-02,841.5
2006-08-03,873.9000000000001
2006-08-04,968.9
2006-08-05,992.6
2006-08-06,927.6999999999999
2006-08-07,922.5
2006-08-08,913.9000000000001
2006-08-09,834.0
2006-08-10,825.9000000000001
2006-08-11,850.1
2006-08-12,894.5
2006-08-13,902.6
2006-08-14,946.9
2006-08-15,904.4000000000001
2006-08-16,952.9
2006-08-17,914.4000000000001
2006-08-18,957.3
2006-08-19,906.9000000000001
2006-08-20,972.4000000000001
2006-08-21,961.4
2006-08-22,918.5
2006-08-23,859.4
2006-08-24,871.0
2006-08-25,858.3
2006-08-26,874.3
2006-08-27,925.1000000000001
2006-08-28,936.0000000000001
2006-08-29,994.6000000000001
2006-08-30,1051.5
2006-08-31,1032.9
2006-09-01,1071.0
2006-09-02,1073.3000000000002
2006-09-03,1038.1999999999998
2006-09-04,925.2
2006-09-05,876.2
2006-09-06,787.2
2006-09-07,714.8
2006-09-08,656.5
2006-09-09,693.9000000000001
2006-09-10,818.2
2006-09-11,861.5
2006-09-12,836.6000000000001
2006-09-13,875.8
2006-09-14,849.5999999999999
2006-09-15,732.6999999999999
2006-09-16,701.4
2006-09-17,862.7
2006-09-18,912.8000000000001
2006-09-19,972.1
2006-09-20,1013.1
2006-09-21,980.8
2006-09-22,910.6
2006-09-23,923.0
2006-09-24,914.8
2006-09-25,896.4000000000001
2006-09-26,943.2
2006-09-27,968.9000000000001
2006-09-28,944.3000000000001
2006-09-29,990.7
2006-09-30,1066.1999999999998
2006-10-01,1199.3
2006-10-02,1329.1
2006-10-03,1407.6000000000001
2006-10-04,1302.8000000000002
2006-10-05,1226.8000000000002
2006-10-06,1069.5
2006-10-07,931.3
2006-10-08,785.2
2006-10-09,807.6
2006-10-10,979.7
2006-10-11,1048.1
2006-10-12,1024.7
2006-10-13,1175.7
2006-10-14,1259.3000000000002
2006-10-15,1089.3
2006-10-16,1074.6
2006-10-17,1032.8
2006-10-18,992.0000000000001
2006-10-19,913.7
2006-10-20,936.2
2006-10-21,957.6000000000001
2006-10-22,1036.1000000000001
2006-10-23,957.0
2006-10-24,1013.1
2006-10-25,1041.8000000000002
2006-10-26,1014.0
2006-10-27,970.9000000000001
2006-10-28,950.1
2006-10-29,889.3
2006-10-30,864.0
2006-10-31,849.7
2006-11-01,786.8
2006-11-02,808.4
2006-11-03,772.1
2006-11-04,775.6999999999999
2006-11-05,741.8000000000001
2006-11-06,772.7
2006-11-07,771.4000000000001
2006-11-08,951.9000000000001
2006-11-09,1027.7000000000003
2006-11-10,1220.3000000000002
2006-11-11,1268.4
2006-11-12,1312.8
2006-11-13,1222.6
2006-11-14,1244.7
2006-11-15,1133.2000000000003
2006-11-16,2278.1000000000004
2006-11-17,3112.4
2006-11-18,3565.1
2006-11-19,3751.7
2006-11-20,3911.2
2006-11-21,2922.9
2006-11-22,2091.3999999999996
2006-11-23,1721.7
2006-11-24,1517.0
2006-11-25,1424.8999999999999
2006-11-26,1367.5
2006-11-27,1367.5
2006-11-28,1273.9
2006-11-29,1314.8
2006-11-30,1345.8999999999999
2006-12-01,1234.9
2006-12-02,1213.9
2006-12-03,1241.2
2006-12-04,1116.6
2006-12-05,990.8000000000002
2006-12-06,1022.3
2006-12-07,1083.6
2006-12-08,1032.0
2006-12-09,1041.9
2006-12-10,1098.5
2006-12-11,1043.4
2006-12-12,921.2
2006-12-13,938.6
2006-12-14,923.4
2006-12-15,892.0999999999999
2006-12-16,908.0000000000001
2006-12-17,945.0
2006-12-18,934.4
2006-12-19,928.1000000000001
2006-12-20,949.7
2006-12-21,1022.8
2006-12-22,1051.1999999999998
2006-12-23,1042.1
2006-12-24,999.5
2006-12-25,952.0
2006-12-26,863.0999999999999
2006-12-27,903.1000000000001
2006-12-28,917.5
2006-12-29,942.7
2006-12-30,913.8000000000001
2006-12-31,994.8000000000001
2007-01-01,1012.3000000000001
2007-01-02,1012.5
2007-01-03,1001.1
2007-01-04,1073.6000000000001
2007-01-05,993.8000000000001
2007-01-06,894.1
2007-01-07,894.9000000000001
2007-01-08,926.4000000000001
2007-01-09,918.3
2007-01-10,890.9
2007-01-11,893.4000000000001
2007-01-12,882.5
2007-01-13,857.7
2007-01-14,1461.3999999999999
2007-01-15,1644.6
2007-01-16,1815.2
2007-01-17,1870.8000000000002
2007-01-18,1952.3000000000002
2007-01-19,1336.0
2007-01-20,1192.6999999999998
2007-01-21,1042.3000000000002
2007-01-22,1490.9
2007-01-23,1632.1
2007-01-24,1692.7
2007-01-25,1706.8
2007-01-26,1791.9
2007-01-27,1327.0
2007-01-28,1263.0
2007-01-29,1243.5
2007-01-30,1252.1
2007-01-31,1264.3
2007-02-01,1260.3000000000002
2007-02-02,1105.0
2007-02-03,1009.9000000000001
2007-02-04,997.7
2007-02-05,893.0
2007-02-06,860.8
2007-02-07,853.6000000000001
2007-02-08,846.1000000000001
2007-02-09,869.1
2007-02-10,852.0
2007-02-11,782.1
2007-02-12,818.1
2007-02-13,824.9000000000001
2007-02-14,793.5
2007-02-15,851.5
2007-02-16,901.1
2007-02-17,869.4
2007-02-18,937.3
2007-02-19,906.8
2007-02-20,889.4000000000001
2007-02-21,969.1
2007-02-22,1048.3000000000002
2007-02-23,1055.2000000000003
2007-02-24,1088.6
2007-02-25,1168.0
2007-02-26,1200.6999999999998
2007-02-27,1159.6
2007-02-28,1136.1
2007-03-01,1102.0
2007-03-02,1033.2
2007-03-03,888.9000000000001
2007-03-04,880.9
2007-03-05,948.0
2007-03-06,971.1000000000001
2007-03-07,972.3
2007-03-08,1064.4
2007-03-09,1092.1
2007-03-10,987.3000000000001
2007-03-11,1026.9
2007-03-12,1015.5
2007-03-13,1004.6000000000001
2007-03-14,1024.5
2007-03-15,1050.1999999999998
2007-03-16,986.3000000000001
2007-03-17,991.1
2007-03-18,932.7
2007-03-19,914.5000000000001
2007-03-20,867.7
2007-03-21,964.4000000000001
2007-03-22,941.2
2007-03-23,989.1999999999999
2007-03-24,978.6
2007-03-25,1045.0
2007-03-26,1156.1
2007-03-27,1296.2
2007-03-28,1291.6000000000001
2007-03-29,1303.9
2007-03-30,1304.5
2007-03-31,1187.0
2007-04-01,1101.1000000000001
2007-04-02,1757.8999999999999
2007-04-03,2744.6000000000004
2007-04-04,3215.7
2007-04-05,3488.2
2007-04-06,3638.0
2007-04-07,3127.7
2007-04-08,2361.3999999999996
2007-04-09,1995.5
2007-04-10,1759.7
2007-04-11,1606.0
2007-04-12,1446.6000000000001
2007-04-13,1236.0
2007-04-14,1121.6999999999998
2007-04-15,1084.5
2007-04-16,1085.4
2007-04-17,1079.1999999999998
2007-04-18,1020.3000000000001
2007-04-19,949.1
2007-04-20,911.5
2007-04-21,1046.1
2007-04-22,1071.0
2007-04-23,1086.8000000000002
2007-04-24,1139.1999999999998
2007-04-25,1174.9
2007-04-26,1067.9
2007-04-27,1066.0
2007-04-28,1046.9
2007-04-29,1065.7
2007-04-30,1020.3000000000001
2007-05-01,996.5000000000001
2007-05-02,982.5
2007-05-03,965.0
2007-05-04,958.7
2007-05-05,922.5000000000001
2007-05-06,922.6999999999999
2007-05-07,950.9000000000001
2007-05-08,991.4
2007-05-09,964.3
2007-05-10,968.2
2007-05-11,1016.9000000000001
2007-05-12,982.9000000000001
2007-05-13,993.5999999999999
2007-05-14,1033.1
2007-05-15,1044.8
2007-05-16,980.3
2007-05-17,1016.5
2007-05-18,1021.1
2007-05-19,1025.9
2007-05-20,1063.1
2007-05-21,1028.9
2007-05-22,989.6000000000001
2007-05-23,982.0
2007-05-24,913.1
2007-05-25,903.8
2007-05-26,894.6000000000001
2007-05-27,959.9
2007-05-28,923.8000000000001
2007-05-29,938.8
2007-05-30,1004.1
2007-05-31,1005.1
2007-06-01,905.9000000000001
2007-06-02,973.3
2007-06-03,1029.4
2007-06-04,918.7
2007-06-05,967.4
2007-06-06,1040.0
2007-06-07,963.3
2007-06-08,910.3
2007-06-09,956.9000000000001
2007-06-10,957.0
2007-06-11,888.3
2007-06-12,904.5999999999999
2007-06-13,979.2
2007-06-14,896.9000000000001
2007-06-15,875.8
2007-06-16,941.9000000000001
2007-06-17,969.5
2007-06-18,878.9000000000001
2007-06-19,953.3
2007-06-20,923.9
2007-06-21,996.7
2007-06-22,960.1
2007-06-23,981.0999999999999
2007-06-24,1077.0
2007-06-25,1091.9
2007-06-26,919.4000000000001
2007-06-27,874.9000000000001
2007-06-28,939.3
2007-06-29,897.0
2007-06-30,945.8000000000001
2007-07-01,1005.1000000000001
2007-07-02,1061.2000000000003
2007-07-03,969.1000000000001
2007-07-04,988.2
2007-07-05,1079.9
2007-07-06,1063.8
2007-07-07,1064.2
2007-07-08,1108.4
2007-07-09,1083.1000000000004
2007-07-10,992.3
2007-07-11,974.1000000000001
2007-07-12,988.9
2007-07-13,972.3
2007-07-14,893.0999999999999
2007-07-15,836.5000000000001
2007-07-16,963.1
2007-07-17,1077.0
2007-07-18,1162.4
2007-07-19,1231.5
2007-07-20,1324.4
2007-07-21,1262.7000000000003
2007-07-22,1194.3
2007-07-23,1182.4
2007-07-24,1100.8000000000002
2007-07-25,998.9000000000001
2007-07-26,950.3
2007-07-27,925.3
2007-07-28,857.6999999999999
2007-07-29,967.7000000000002
2007-07-30,1025.6
2007-07-31,1060.9
2007-08-01,1122.1000000000001
2007-08-02,1139.1999999999998
2007-08-03,1343.4
2007-08-04,1284.8
2007-08-05,1297.8
2007-08-06,1283.8
2007-08-07,1346.6000000000001
2007-08-08,1047.3
2007-08-09,1128.3
2007-08-10,1112.2
2007-08-11,1058.8
2007-08-12,988.6999999999999
2007-08-13,1018.9
2007-08-14,978.1
2007-08-15,992.5
2007-08-16,1080.1000000000001
2007-08-17,1492.5
2007-08-18,1645.0
2007-08-19,1765.6000000000001
2007-08-20,1882.6
2007-08-21,1957.3000000000002
2007-08-22,1558.6
2007-08-23,1416.4
2007-08-24,1300.4
2007-08-25,1195.4
2007-08-26,994.3
2007-08-27,983.6
2007-08-28,964.8000000000001
2007-08-29,981.4999999999999
2007-08-30,907.6
2007-08-31,919.8000000000002
2007-09-01,923.3
2007-09-02,940.8
2007-09-03,1292.6
2007-09-04,1370.3000000000002
2007-09-05,1380.9
2007-09-06,1381.6999999999998
2007-09-07,1339.8
2007-09-08,963.1999999999999
2007-09-09,927.9000000000001
2007-09-10,914.8
2007-09-11,899.2
2007-09-12,933.7
2007-09-13,1238.1000000000001
2007-09-14,1586.7
2007-09-15,1712.8000000000002
2007-09-16,1845.2
2007-09-17,1934.8000000000002
2007-09-18,1673.2
2007-09-19,1345.5
2007-09-20,1312.4
2007-09-21,1190.4
2007-09-22,1079.6
2007-09-23,1016.4000000000001
2007-09-24,1011.9000000000001
2007-09-25,1001.1
2007-09-26,1019.8
2007-09-27,1072.6000000000001
2007-09-28,1221.6
2007-09-29,1491.3
2007-09-30,1501.3
2007-10-01,1687.4
2007-10-02,1763.1
2007-10-03,1707.6
2007-10-04,1469.6
2007-10-05,1395.7000000000003
2007-10-06,1226.2
2007-10-07,1085.1999999999998
2007-10-08,981.6
2007-10-09,985.5
2007-10-10,1004.5
2007-10-11,984.4000000000001
2007-10-12,999.4000000000001
2007-10-13,1073.1
2007-10-14,1076.6
2007-10-15,1152.6000000000001
2007-10-16,1131.9
2007-10-17,1259.7
2007-10-18,1153.1000000000001
2007-10-19,1094.0
2007-10-20,928.2
2007-10-21,896.5
2007-10-22,754.9000000000001
2007-10-23,796.0
2007-10-24,783.9000000000001
2007-10-25,839.6
2007-10-26,876.3
2007-10-27,932.3000000000001
2007-10-28,953.5
2007-10-29,926.4000000000001
2007-10-30,970.8000000000001
2007-10-31,986.0999999999999
2007-11-01,965.2
2007-11-02,1010.4000000000001
2007-11-03,1095.1
2007-11-04,1036.6
2007-11-05,1004.0
2007-11-06,921.4000000000001
2007-11-07,917.8000000000001
2007-11-08,847.8000000000002
2007-11-09,867.5
2007-11-10,880.3
2007-11-11,890.2
2007-11-12,819.5
2007-11-13,822.0
2007-11-14,788.1000000000001
2007-11-15,887.5
2007-11-16,1051.7
2007-11-17,1098.6
2007-11-18,1167.4
2007-11-19,1215.2
2007-11-20,1098.6000000000001
2007-11-21,1085.4999999999998
2007-11-22,1076.6000000000001
2007-11-23,1040.6999999999998
2007-11-24,1059.6
2007-11-25,1069.5
2007-11-26,1014.3
2007-11-27,1053.5
2007-11-28,1049.5
2007-11-29,1059.6
2007-11-30,1112.4
2007-12-01,1143.3
2007-12-02,1122.0
2007-12-03,1056.6
2007-12-04,1002.3
2007-12-05,954.7
2007-12-06,863.9
2007-12-07,798.7
2007-12-08,857.7
2007-12-09,863.4
2007-12-10,898.7
2007-12-11,900.8000000000001
2007-12-12,970.6
2007-12-13,930.8000000000001
2007-12-14,1000.8000000000001
2007-12-15,968.3999999999999
2007-12-16,968.9
2007-12-17,957.1
2007-12-18,1009.6
2007-12-19,923.8
2007-12-20,1017.9
2007-12-21,1086.3000000000002
2007-12-22,1027.2
2007-12-23,1045.9
2007-12-24,1043.9
2007-12-25,947.3
2007-12-26,904.7
2007-12-27,964.2
2007-12-28,1027.5
2007-12-29,1086.5
2007-12-30,1045.0
2007-12-31,1025.5
2008-01-01,934.3000000000001
2008-01-02,845.4000000000001
2008-01-03,785.9000000000001
2008-01-04,741.6000000000001
2008-01-05,697.0
2008-01-06,801.3000000000001
2008-01-07,808.8000000000001
2008-01-08,833.1000000000001
2008-01-09,910.9000000000001
2008-01-10,1042.9
2008-01-11,985.6000000000001
2008-01-12,960.9
2008-01-13,995.5999999999999
2008-01-14,945.2
2008-01-15,903.6
2008-01-16,984.6
2008-01-17,953.4000000000001
2008-01-18,909.7
2008-01-19,957.1000000000001
2008-01-20,925.7
2008-01-21,841.5000000000002
2008-01-22,887.0
2008-01-23,961.6
2008-01-24,954.2
2008-01-25,1001.8
2008-01-26,972.1999999999999
2008-01-27,964.0999999999999
2008-01-28,874.6
2008-01-29,860.0999999999999
2008-01-30,843.2
2008-01-31,929.4
2008-02-01,913.5
2008-02-02,954.3
2008-02-03,978.7000000000002
2008-02-04,994.6
2008-02-05,943.8
2008-02-06,930.5
2008-02-07,935.3
2008-02-08,929.9000000000001
2008-02-09,851.9
2008-02-10,866.6000000000001
2008-02-11,878.3
2008-02-12,840.8999999999999
2008-02-13,840.7
2008-02-14,840.1999999999999
2008-02-15,878.1
2008-02-16,861.4000000000001
2008-02-17,886.1000000000001
2008-02-18,919.2
2008-02-19,885.5
2008-02-20,832.5
2008-02-21,1036.2
2008-02-22,1145.9
2008-02-23,1161.5
2008-02-24,1312.9
2008-02-25,1281.5
2008-02-26,1180.6
2008-02-27,1148.4
2008-02-28,1125.6
2008-02-29,1041.0
2008-03-01,1058.8
2008-03-02,1058.6
2008-03-03,986.5
2008-03-04,1162.2
2008-03-05,1163.2999999999997
2008-03-06,1196.1999999999998
2008-03-07,1141.7
2008-03-08,1146.6999999999998
2008-03-09,944.1
2008-03-10,997.8
2008-03-11,956.9
2008-03-12,938.4000000000001
2008-03-13,928.3
2008-03-14,1023.9
2008-03-15,992.6
2008-03-16,994.1000000000001
2008-03-17,1026.4
2008-03-18,998.1000000000001
2008-03-19,861.8
2008-03-20,804.8
2008-03-21,867.5
2008-03-22,968.5
2008-03-23,1026.9
2008-03-24,1095.8000000000002
2008-03-25,1161.8000000000002
2008-03-26,1131.4
2008-03-27,993.9000000000001
2008-03-28,927.3000000000001
2008-03-29,925.0
2008-03-30,923.1
2008-03-31,932.1000000000001
2008-04-01,961.7
2008-04-02,1031.6
2008-04-03,1036.8
2008-04-04,1007.9000000000001
2008-04-05,1018.4000000000001
2008-04-06,925.5999999999999
2008-04-07,883.6
2008-04-08,841.8
2008-04-09,880.8
2008-04-10,1115.2
2008-04-11,1291.3
2008-04-12,1508.4
2008-04-13,1623.7
2008-04-14,1592.9
2008-04-15,1298.3000000000002
2008-04-16,1283.3
2008-04-17,1113.1000000000001
2008-04-18,1023.3000000000001
2008-04-19,1027.6000000000001
2008-04-20,1142.4
2008-04-21,1061.4
2008-04-22,1028.0
2008-04-23,1022.5999999999999
2008-04-24,1091.2000000000003
2008-04-25,998.2
2008-04-26,993.8999999999999
2008-04-27,1041.3
2008-04-28,1057.8000000000002
2008-04-29,1048.9
2008-04-30,1093.6
2008-05-01,1132.0
2008-05-02,1108.9
2008-05-03,1136.0
2008-05-04,1088.9
2008-05-05,1075.3000000000002
2008-05-06,1032.3000000000002
2008-05-07,1082.0
2008-05-08,1287.5
2008-05-09,1358.8000000000002
2008-05-10,1351.1
2008-05-11,1460.9
2008-05-12,1417.1
2008-05-13,2403.2000000000003
2008-05-14,2726.1
2008-05-15,2939.2
2008-05-16,2977.2999999999997
2008-05-17,3069.5
2008-05-18,1868.6
2008-05-19,1498.7
2008-05-20,1365.8
2008-05-21,1333.1
2008-05-22,1334.0
2008-05-23,1321.8000000000002
2008-05-24,1302.2999999999997
2008-05-25,1299.1
2008-05-26,1252.6999999999998
2008-05-27,1156.4
2008-05-28,1150.1999999999998
2008-05-29,1115.6
2008-05-30,1032.3999999999999
2008-05-31,1021.2
2008-06-01,1048.4
2008-06-02,1143.2999999999997
2008-06-03,1175.0
2008-06-04,1249.4
2008-06-05,1197.4
2008-06-06,1196.5
2008-06-07,1098.7
2008-06-08,1098.7
2008-06-09,1045.5000000000002
2008-06-10,1053.5
2008-06-11,1104.2
2008-06-12,1159.3
2008-06-13,1145.7
2008-06-14,1241.8000000000002
2008-06-15,1447.8000000000002
2008-06-16,1357.9
2008-06-17,1276.4
2008-06-18,1295.3000000000002
2008-06-19,1240.3000000000002
2008-06-20,1096.0
2008-06-21,1105.9
2008-06-22,1142.3000000000002
2008-06-23,1123.4
2008-06-24,998.3
2008-06-25,939.0
2008-06-26,1014.9000000000001
2008-06-27,1019.9
2008-06-28,1118.8000000000002
2008-06-29,1328.4
2008-06-30,1375.9
2008-07-01,1270.1999999999998
2008-07-02,1265.5
2008-07-03,1131.1
2008-07-04,1019.1999999999999
2008-07-05,947.0
2008-07-06,969.8
2008-07-07,1036.6
2008-07-08,1091.3000000000002
2008-07-09,1058.1000000000001
2008-07-10,1141.7
2008-07-11,1183.5
2008-07-12,1118.5
2008-07-13,1124.5
2008-07-14,1119.8
2008-07-15,1078.1000000000004
2008-07-16,1052.2
2008-07-17,1102.7
2008-07-18,1075.1999999999998
2008-07-19,1091.7
2008-07-20,1164.9
2008-07-21,1178.6
2008-07-22,1151.9
2008-07-23,1181.3
2008-07-24,1211.7
2008-07-25,1139.3
2008-07-26,1047.2
2008-07-27,985.5999999999999
2008-07-28,904.3
2008-07-29,871.5999999999999
2008-07-30,835.7
2008-07-31,843.9000000000001
2008-08-01,829.9000000000001
2008-08-02,837.3000000000001
2008-08-03,808.4
2008-08-04,820.2
2008-08-05,791.9
2008-08-06,843.4000000000001
2008-08-07,904.3
2008-08-08,1024.1000000000001
2008-08-09,1076.5
2008-08-10,1102.1999999999998
2008-08-11,1143.5
2008-08-12,1084.6
2008-08-13,960.7
2008-08-14,933.6
2008-08-15,971.8000000000001
2008-08-16,894.3
2008-08-17,958.3
2008-08-18,1018.6000000000001
2008-08-19,973.0
2008-08-20,979.8000000000001
2008-08-21,992.7
2008-08-22,972.4000000000001
2008-08-23,989.3000000000002
2008-08-24,1029.1000000000001
2008-08-25,984.9
2008-08-26,1088.7
2008-08-27,1131.1
2008-08-28,1174.4
2008-08-29,1288.7
2008-08-30,1347.8
2008-08-31,1236.8
2008-09-01,1178.6999999999998
2008-09-02,1132.9
2008-09-03,1062.5
2008-09-04,1039.6
2008-09-05,1085.1
2008-09-06,1110.4
2008-09-07,1070.1
2008-09-08,974.1
2008-09-09,969.4000000000001
2008-09-10,872.0
2008-09-11,939.6
2008-09-12,977.1000000000001
2008-09-13,969.0
2008-09-14,950.5
2008-09-15,976.4
2008-09-16,882.1
2008-09-17,820.2
2008-09-18,921.8
2008-09-19,935.2
2008-09-20,973.7
2008-09-21,1006.1999999999999
2008-09-22,974.5000000000002
2008-09-23,924.3000000000001
2008-09-24,878.6
2008-09-25,871.8000000000001
2008-09-26,847.5999999999999
2008-09-27,880.5
2008-09-28,919.4000000000001
2008-09-29,997.4000000000001
2008-09-30,1096.0
2008-10-01,1082.9
2008-10-02,1133.8000000000002
2008-10-03,1149.8
2008-10-04,1265.6
2008-10-05,1234.4
2008-10-06,1470.3
2008-10-07,1594.5
2008-10-08,1551.4
2008-10-09,1450.8000000000002
2008-10-10,1378.9
2008-10-11,1198.6999999999998
2008-10-12,1343.5
2008-10-13,1435.1000000000001
2008-10-14,1441.6
2008-10-15,1472.5
2008-10-16,1437.1000000000004
2008-10-17,1192.2000000000003
2008-10-18,1080.7
2008-10-19,1066.1000000000001
2008-10-20,1075.7999999999997
2008-10-21,1088.0
2008-10-22,1067.1
2008-10-23,1112.5
2008-10-24,1119.3
2008-10-25,1118.4
2008-10-26,1084.4999999999998
2008-10-27,1062.6
2008-10-28,1031.3
2008-10-29,1060.7
2008-10-30,1254.4
2008-10-31,1279.1
2008-11-01,1298.9
2008-11-02,1423.5
2008-11-03,1411.6
2008-11-04,1227.6
2008-11-05,1201.6999999999998
2008-11-06,1162.7
2008-11-07,1042.8000000000002
2008-11-08,1087.4
2008-11-09,1071.3
2008-11-10,1081.9
2008-11-11,1111.8
2008-11-12,1119.5
2008-11-13,964.9000000000001
2008-11-14,974.1
2008-11-15,965.0999999999999
2008-11-16,927.0
2008-11-17,917.5
2008-11-18,1006.0
2008-11-19,1049.3000000000002
2008-11-20,1102.2999999999997
2008-11-21,1079.3000000000002
2008-11-22,1038.9
2008-11-23,1035.8000000000002
2008-11-24,932.7
2008-11-25,941.7
2008-11-26,959.1000000000001
2008-11-27,1017.0
2008-11-28,953.5000000000001
2008-11-29,1010.5
2008-11-30,948.2
2008-12-01,910.0
2008-12-02,821.7
2008-12-03,833.9000000000001
2008-12-04,753.3
2008-12-05,777.4000000000001
2008-12-06,808.6
2008-12-07,878.7
2008-12-08,897.8999999999999
2008-12-09,926.8
2008-12-10,1043.3999999999999
2008-12-11,1051.6
2008-12-12,1034.5
2008-12-13,1040.6999999999998
2008-12-14,1057.7000000000003
2008-12-15,941.4000000000001
2008-12-16,976.8
2008-12-17,934.1
2008-12-18,944.2
2008-12-19,979.6
2008-12-20,1045.5
2008-12-21,1175.3000000000002
2008-12-22,1315.1
2008-12-23,1291.4
2008-12-24,1357.5
2008-12-25,1254.8
2008-12-26,1099.6
2008-12-27,1051.1000000000001
2008-12-28,1055.4
2008-12-29,958.4000000000001
2008-12-30,948.2
2008-12-31,955.4000000000001
2009-01-01,859.5
2009-01-02,822.6
2009-01-03,806.2
2009-01-04,1192.8000000000002
2009-01-05,1511.0
2009-01-06,1649.7000000000003
2009-01-07,1686.7000000000003
2009-01-08,1736.3000000000002
2009-01-09,1384.4
2009-01-10,1060.7
2009-01-11,899.0
2009-01-12,873.6000000000001
2009-01-13,820.8
2009-01-14,839.0
2009-01-15,821.1
2009-01-16,963.7
2009-01-17,1093.6
2009-01-18,1144.9
2009-01-19,1108.5
2009-01-20,1205.2000000000003
2009-01-21,1195.2999999999997
2009-01-22,1095.9
2009-01-23,1036.0
2009-01-24,1010.8
2009-01-25,965.3999999999999
2009-01-26,857.1
2009-01-27,844.3
2009-01-28,827.5999999999999
2009-01-29,861.5
2009-01-30,836.0
2009-01-31,865.1000000000001
2009-02-01,900.5
2009-02-02,886.1
2009-02-03,873.5
2009-02-04,849.2
2009-02-05,778.9000000000001
2009-02-06,697.3000000000001
2009-02-07,676.5999999999999
2009-02-08,610.1
2009-02-09,552.8000000000001
2009-02-10,570.0999999999999
2009-02-11,584.4000000000001
2009-02-12,1220.2
2009-02-13,1951.3000000000002
2009-02-14,2267.0
2009-02-15,2373.4
2009-02-16,2447.7
2009-02-17,1919.3000000000002
2009-02-18,1256.0
2009-02-19,1091.4
2009-02-20,1000.8000000000001
2009-02-21,970.3000000000001
2009-02-22,906.0
2009-02-23,956.7
2009-02-24,871.1
2009-02-25,995.2
2009-02-26,958.6
2009-02-27,953.7
2009-02-28,941.1
2009-03-01,934.7
2009-03-02,843.5
2009-03-03,861.7
2009-03-04,878.5
2009-03-05,793.3
2009-03-06,771.2
2009-03-07,789.3000000000001
2009-03-08,730.3999999999999
2009-03-09,662.5
2009-03-10,635.4999999999999
2009-03-11,661.6
2009-03-12,648.8
2009-03-13,728.5
2009-03-14,796.5
2009-03-15,886.0
2009-03-16,864.5
2009-03-17,846.1000000000001
2009-03-18,838.2
2009-03-19,809.8
2009-03-20,917.0999999999999
2009-03-21,1057.0
2009-03-22,1138.3
2009-03-23,1188.3
2009-03-24,1238.3000000000002
2009-03-25,1071.9
2009-03-26,946.6000000000001
2009-03-27,832.7
2009-03-28,758.7
2009-03-29,712.1
2009-03-30,680.7
2009-03-31,703.6999999999999
2009-04-01,709.4000000000001
2009-04-02,684.5
2009-04-03,681.2
2009-04-04,770.9000000000001
2009-04-05,798.6000000000001
2009-04-06,858.6
2009-04-07,956.0
2009-04-08,1046.3000000000002
2009-04-09,1052.7
2009-04-10,1075.8
2009-04-11,1022.3000000000001
2009-04-12,918.0
2009-04-13,819.5
2009-04-14,772.7
2009-04-15,672.3000000000001
2009-04-16,723.5999999999999
2009-04-17,782.9000000000001
2009-04-18,931.4000000000001
2009-04-19,938.0
2009-04-20,984.4000000000001
2009-04-21,990.5
2009-04-22,1040.4
2009-04-23,902.5999999999999
2009-04-24,898.2
2009-04-25,845.5
2009-04-26,770.5
2009-04-27,660.5999999999999
2009-04-28,663.2
2009-04-29,619.2
2009-04-30,624.3
2009-05-01,585.5999999999999
2009-05-02,618.7
2009-05-03,584.5
2009-05-04,617.5
2009-05-05,658.0
2009-05-06,695.0
2009-05-07,666.5
2009-05-08,702.8000000000001
2009-05-09,700.4000000000001
2009-05-10,632.5000000000001
2009-05-11,683.2
2009-05-12,666.8000000000001
2009-05-13,663.0
2009-05-14,664.3000000000001
2009-05-15,685.1
2009-05-16,707.7
2009-05-17,747.3
2009-05-18,786.0
2009-05-19,799.3
2009-05-20,834.3000000000002
2009-05-21,800.3
2009-05-22,815.3
2009-05-23,779.5
2009-05-24,714.5999999999999
2009-05-25,735.0
2009-05-26,726.7
2009-05-27,729.9
2009-05-28,682.9
2009-05-29,808.3
2009-05-30,814.0
2009-05-31,830.0999999999999
2009-06-01,774.1999999999999
2009-06-02,811.5
2009-06-03,845.2
2009-06-04,820.4
2009-06-05,856.1
2009-06-06,905.4000000000001
2009-06-07,970.5
2009-06-08,890.4000000000001
2009-06-09,866.3000000000001
2009-06-10,865.8
2009-06-11,833.5
2009-06-12,795.9000000000001
2009-06-13,806.3
2009-06-14,774.3
2009-06-15,769.4
2009-06-16,819.5
2009-06-17,781.3
2009-06-18,787.7
2009-06-19,801.6000000000001
2009-06-20,796.2
2009-06-21,732.3000000000001
2009-06-22,739.5999999999999
2009-06-23,762.9000000000001
2009-06-24,758.0
2009-06-25,695.8000000000001
2009-06-26,746.4
2009-06-27,768.0
2009-06-28,710.9
2009-06-29,733.5
2009-06-30,761.3
2009-07-01,738.6000000000001
2009-07-02,734.3
2009-07-03,780.9
2009-07-04,862.6000000000001
2009-07-05,860.4
2009-07-06,870.5999999999999
2009-07-07,872.5
2009-07-08,841.0
2009-07-09,728.4
2009-07-10,693.3
2009-07-11,697.1000000000001
2009-07-12,705.0
2009-07-13,678.8
2009-07-14,746.7
2009-07-15,759.0
2009-07-16,1217.4
2009-07-17,1342.3000000000002
2009-07-18,1445.9
2009-07-19,1427.9
2009-07-20,1500.1
2009-07-21,1036.8000000000002
2009-07-22,935.3000000000001
2009-07-23,828.5
2009-07-24,779.5999999999999
2009-07-25,702.5999999999999
2009-07-26,697.6999999999999
2009-07-27,939.6000000000001
2009-07-28,1002.8
2009-07-29,1005.6999999999999
2009-07-30,1055.7
2009-07-31,1080.0
2009-08-01,823.2
2009-08-02,750.0999999999999
2009-08-03,766.3000000000001
2009-08-04,808.4
2009-08-05,760.7
2009-08-06,803.2
2009-08-07,822.7
2009-08-08,831.9000000000001
2009-08-09,757.3999999999999
2009-08-10,770.7
2009-08-11,779.4000000000001
2009-08-12,857.0
2009-08-13,884.8
2009-08-14,966.9
2009-08-15,982.7
2009-08-16,955.7
2009-08-17,1149.8000000000002
2009-08-18,1212.9
2009-08-19,1335.9
2009-08-20,1331.9
2009-08-21,1311.9
2009-08-22,1082.4
2009-08-23,1023.8000000000001
2009-08-24,848.5999999999999
2009-08-25,853.8
2009-08-26,848.3
2009-08-27,883.4000000000001
2009-08-28,884.3000000000001
2009-08-29,926.0
2009-08-30,940.7
2009-08-31,991.3000000000001
2009-09-01,894.4
2009-09-02,869.2
2009-09-03,887.9
2009-09-04,838.5999999999999
2009-09-05,821.9000000000001
2009-09-06,815.3
2009-09-07,819.2
2009-09-08,847.1
2009-09-09,971.6
2009-09-10,949.8
2009-09-11,981.6
2009-09-12,966.4000000000001
2009-09-13,859.0
2009-09-14,690.0
2009-09-15,621.5
2009-09-16,630.7
2009-09-17,612.3
2009-09-18,577.8000000000001
2009-09-19,657.0000000000001
2009-09-20,725.9000000000001
2009-09-21,717.0
2009-09-22,757.3
2009-09-23,804.9000000000001
2009-09-24,742.6999999999999
2009-09-25,701.8
2009-09-26,698.5
2009-09-27,706.1999999999999
2009-09-28,693.3
2009-09-29,727.7
2009-09-30,1427.8
2009-10-01,1957.5
2009-10-02,2286.6000000000004
2009-10-03,2585.6
2009-10-04,2756.8
2009-10-05,2215.6000000000004
2009-10-06,1802.3000000000002
2009-10-07,1510.1000000000001
2009-10-08,1545.5
2009-10-09,2206.3
2009-10-10,2282.2
2009-10-11,2374.6000000000004
2009-10-12,2441.6000000000004
2009-10-13,2194.3
2009-10-14,1575.9
2009-10-15,1410.5
2009-10-16,1295.1000000000001
2009-10-17,1276.7
2009-10-18,1215.2000000000003
2009-10-19,1051.1999999999998
2009-10-20,1046.5
2009-10-21,942.1
2009-10-22,866.0
2009-10-23,866.5
2009-10-24,947.1
2009-10-25,987.5000000000002
2009-10-26,1082.6
2009-10-27,1039.1999999999998
2009-10-28,1092.2999999999997
2009-10-29,983.7
2009-10-30,968.2
2009-10-31,918.4000000000001
2009-11-01,919.4
2009-11-02,872.5
2009-11-03,928.1
2009-11-04,898.7
2009-11-05,920.7
2009-11-06,1023.4999999999999
2009-11-07,1046.3
2009-11-08,1032.2
2009-11-09,1020.7
2009-11-10,1021.8
2009-11-11,940.5
2009-11-12,912.3000000000001
2009-11-13,886.0
2009-11-14,866.6
2009-11-15,866.5
2009-11-16,888.2
2009-11-17,822.8999999999999
2009-11-18,821.3
2009-11-19,820.0
2009-11-20,799.3999999999999
2009-11-21,795.3000000000001
2009-11-22,826.0999999999999
2009-11-23,848.9
2009-11-24,821.5
2009-11-25,809.9
2009-11-26,747.5
2009-11-27,817.0
2009-11-28,768.0
2009-11-29,843.5
2009-11-30,915.7
2009-12-01,914.3
2009-12-02,905.7
2009-12-03,978.9000000000001
2009-12-04,941.8000000000001
2009-12-05,842.1000000000001
2009-12-06,866.6
2009-12-07,852.4
2009-12-08,827.9
2009-12-09,840.3
2009-12-10,827.6000000000001
2009-12-11,842.6000000000001
2009-12-12,821.3
2009-12-13,845.0
2009-12-14,784.5
2009-12-15,762.7
2009-12-16,698.0999999999999
2009-12-17,774.0999999999999
2009-12-18,741.3999999999999
2009-12-19,806.9000000000001
2009-12-20,924.9000000000001
2009-12-21,956.0
2009-12-22,830.1
2009-12-23,761.1
2009-12-24,781.7
2009-12-25,731.3
2009-12-26,767.5999999999999
2009-12-27,812.8
2009-12-28,898.6
2009-12-29,855.5000000000001
2009-12-30,868.6
2009-12-31,857.9000000000001
2010-01-01,854.8
2010-01-02,794.9000000000001
2010-01-03,847.9
2010-01-04,987.0999999999999
2010-01-05,1231.3
2010-01-06,1314.5
2010-01-07,1384.5
2010-01-08,1322.6
2010-01-09,1133.4
2010-01-10,869.8
2010-01-11,772.3
2010-01-12,747.6
2010-01-13,829.5999999999999
2010-01-14,1093.0
2010-01-15,1145.4
2010-01-16,1188.4
2010-01-17,1186.6999999999998
2010-01-18,1165.7
2010-01-19,968.0999999999999
2010-01-20,980.0999999999999
2010-01-21,971.1
2010-01-22,971.2
2010-01-23,1014.5
2010-01-24,990.8000000000002
2010-01-25,967.8
2010-01-26,942.2
2010-01-27,900.1
2010-01-28,816.5
2010-01-29,844.7
2010-01-30,853.0
2010-01-31,914.3000000000001
2010-02-01,916.0999999999999
2010-02-02,881.8
2010-02-03,835.0
2010-02-04,789.9
2010-02-05,754.0
2010-02-06,799.0
2010-02-07,815.0
2010-02-08,854.7
2010-02-09,839.3000000000001
2010-02-10,851.2000000000002
2010-02-11,889.9000000000001
2010-02-12,908.0999999999999
2010-02-13,865.6
2010-02-14,967.9000000000001
2010-02-15,936.3
2010-02-16,822.9000000000001
2010-02-17,831.7
2010-02-18,824.6
2010-02-19,774.0
2010-02-20,786.9000000000001
2010-02-21,844.5999999999999
2010-02-22,810.8
2010-02-23,878.6999999999999
2010-02-24,921.9000000000001
2010-02-25,885.3
2010-02-26,924.5
2010-02-27,970.0
2010-02-28,2917.0
2010-03-01,4173.599999999999
2010-03-02,4843.6
2010-03-03,5273.299999999999
2010-03-04,5598.1
2010-03-05,3851.0
2010-03-06,2756.2000000000003
2010-03-07,2337.2
2010-03-08,1970.4
2010-03-09,1871.8000000000002
2010-03-10,1737.3000000000002
2010-03-11,1679.3
2010-03-12,1800.1
2010-03-13,2002.5
2010-03-14,1928.4
2010-03-15,2010.2
2010-03-16,1969.0
2010-03-17,1768.9
2010-03-18,1567.1
2010-03-19,1473.3000000000002
2010-03-20,1396.9
2010-03-21,1364.7
2010-03-22,1311.5
2010-03-23,1278.8999999999999
2010-03-24,1275.7
2010-03-25,1187.8000000000002
2010-03-26,1122.4
2010-03-27,1090.6999999999998
2010-03-28,1048.4
2010-03-29,1036.3000000000002
2010-03-30,980.4000000000001
2010-03-31,980.7
2010-04-01,935.5999999999999
2010-04-02,878.5
2010-04-03,885.6
2010-04-04,937.5999999999999
2010-04-05,1030.9
2010-04-06,1117.6000000000001
2010-04-07,1206.0
2010-04-08,1194.1
2010-04-09,1195.6
2010-04-10,1131.3000000000002
2010-04-11,1052.8
2010-04-12,1061.5
2010-04-13,1042.0
2010-04-14,1091.8
2010-04-15,1056.0
2010-04-16,1087.2999999999997
2010-04-17,1055.3
2010-04-18,1028.0
2010-04-19,1021.1
2010-04-20,1026.3000000000002
2010-04-21,992.1000000000001
2010-04-22,967.1000000000001
2010-04-23,975.4000000000001
2010-04-24,933.6
2010-04-25,941.3
2010-04-26,938.7
2010-04-27,974.2
2010-04-28,989.5
2010-04-29,993.4000000000003
2010-04-30,960.0
2010-05-01,996.2
2010-05-02,995.6
2010-05-03,1011.6000000000001
2010-05-04,1026.6000000000001
2010-05-05,1055.3999999999999
2010-05-06,1116.0
2010-05-07,1119.1
2010-05-08,1076.1
2010-05-09,1098.7
2010-05-10,1102.0
2010-05-11,1029.0
2010-05-12,988.1999999999999
2010-05-13,940.1000000000001
2010-05-14,919.5
2010-05-15,876.2
2010-05-16,842.3
2010-05-17,893.6000000000001
2010-05-18,934.8
2010-05-19,884.5
2010-05-20,944.2
2010-05-21,1010.3
2010-05-22,908.9000000000001
2010-05-23,970.5
2010-05-24,1045.3
2010-05-25,1034.8
2010-05-26,982.9000000000001
2010-05-27,1051.7000000000003
2010-05-28,1092.7
2010-05-29,1079.9
2010-05-30,1140.7
2010-05-31,1091.9
2010-06-01,1065.3000000000002
2010-06-02,973.8000000000002
2010-06-03,913.8999999999999
2010-06-04,851.6000000000001
2010-06-05,900.4
2010-06-06,930.7
2010-06-07,886.6
2010-06-08,899.4000000000001
2010-06-09,845.9
2010-06-10,798.7
2010-06-11,844.0999999999999
2010-06-12,872.5
2010-06-13,898.1000000000001
2010-06-14,1069.7
2010-06-15,1074.2
2010-06-16,1064.4
2010-06-17,1292.8000000000002
2010-06-18,1216.0
2010-06-19,1129.0
2010-06-20,1122.5000000000002
2010-06-21,1058.7
2010-06-22,806.6000000000001
2010-06-23,857.3000000000002
2010-06-24,798.4000000000001
2010-06-25,873.5999999999999
2010-06-26,883.7
2010-06-27,917.2
2010-06-28,963.4
2010-06-29,1035.3
2010-06-30,971.9
2010-07-01,977.3
2010-07-02,978.8000000000001
2010-07-03,988.0999999999999
2010-07-04,909.1
2010-07-05,990.1
2010-07-06,971.9
2010-07-07,992.6
2010-07-08,942.2
2010-07-09,986.7
2010-07-10,953.5999999999999
2010-07-11,995.1000000000001
2010-07-12,1011.6000000000001
2010-07-13,1018.1
2010-07-14,988.5
2010-07-15,982.2
2010-07-16,933.7
2010-07-17,853.1
2010-07-18,806.2
2010-07-19,999.3999999999999
2010-07-20,1192.5
2010-07-21,1292.6
2010-07-22,1350.4
2010-07-23,1444.0
2010-07-24,1394.8
2010-07-25,1324.7
2010-07-26,1304.6
2010-07-27,1256.4
2010-07-28,1165.0
2010-07-29,1119.8
2010-07-30,1027.3000000000002
2010-07-31,1062.6000000000001
2010-08-01,1093.4000000000003
2010-08-02,1133.9
2010-08-03,1055.3000000000002
2010-08-04,1020.1000000000001
2010-08-05,987.0
2010-08-06,1191.1
2010-08-07,1190.2
2010-08-08,1136.5
2010-08-09,1137.3
2010-08-10,1066.8000000000002
2010-08-11,1244.2
2010-08-12,1388.7
2010-08-13,1486.2
2010-08-14,1583.0
2010-08-15,2035.1000000000001
2010-08-16,1870.9
2010-08-17,1746.1
2010-08-18,1725.3
2010-08-19,1584.6999999999998
2010-08-20,1187.8
2010-08-21,973.3
2010-08-22,943.0
2010-08-23,919.8
2010-08-24,916.6
2010-08-25,844.3
2010-08-26,840.1999999999999
2010-08-27,821.6
2010-08-28,822.9000000000001
2010-08-29,852.0999999999999
2010-08-30,861.2
2010-08-31,854.6
2010-09-01,849.6000000000001
2010-09-02,852.5999999999999
2010-09-03,866.7
2010-09-04,1279.2000000000003
2010-09-05,1385.6
2010-09-06,1466.1
2010-09-07,1496.3000000000002
2010-09-08,1600.1
2010-09-09,1270.1
2010-09-10,1194.8
2010-09-11,1136.6000000000001
2010-09-12,1102.1
2010-09-13,1006.4000000000001
2010-09-14,930.4000000000001
2010-09-15,888.3
2010-09-16,962.3
2010-09-17,921.5
2010-09-18,939.9000000000001
2010-09-19,965.8000000000001
2010-09-20,977.1
2010-09-21,933.2
2010-09-22,942.0
2010-09-23,927.1
2010-09-24,918.7
2010-09-25,872.8
2010-09-26,832.8999999999999
2010-09-27,853.0
2010-09-28,848.1
2010-09-29,893.2
2010-09-30,1041.4
2010-10-01,1151.0
2010-10-02,1120.2
2010-10-03,1085.5
2010-10-04,1102.1999999999998
2010-10-05,1047.8000000000002
2010-10-06,945.3
2010-10-07,989.0999999999999
2010-10-08,1045.5
2010-10-09,1113.8
2010-10-10,1091.0
2010-10-11,1090.4
2010-10-12,1031.6
2010-10-13,1016.0
2010-10-14,846.4000000000001
2010-10-15,808.8
2010-10-16,798.7
2010-10-17,836.7
2010-10-18,864.6
2010-10-19,875.8
2010-10-20,879.0
2010-10-21,928.0
2010-10-22,953.9
2010-10-23,964.5
2010-10-24,1030.7
2010-10-25,1035.7
2010-10-26,1142.0
2010-10-27,1235.8999999999999
2010-10-28,1212.3
2010-10-29,1187.2
2010-10-30,1250.8000000000002
2010-10-31,1102.5
2010-11-01,1033.5
2010-11-02,994.4000000000001
2010-11-03,887.5
2010-11-04,838.7
2010-11-05,911.3000000000002
2010-11-06,938.1
2010-11-07,929.4
2010-11-08,999.5
2010-11-09,963.8000000000001
2010-11-10,903.0999999999999
2010-11-11,833.7
2010-11-12,871.7
2010-11-13,852.7
2010-11-14,871.2
2010-11-15,1421.7
2010-11-16,1482.1
2010-11-17,1534.6
2010-11-18,1561.3
2010-11-19,1575.7
2010-11-20,963.0
2010-11-21,961.8
2010-11-22,933.2
2010-11-23,951.8
2010-11-24,1004.1000000000001
2010-11-25,1142.1
2010-11-26,1088.8000000000002
2010-11-27,1108.6
2010-11-28,1177.7
2010-11-29,1127.6000000000001
2010-11-30,1044.1
2010-12-01,1098.5
2010-12-02,1036.6000000000001
2010-12-03,918.5
2010-12-04,896.5
2010-12-05,936.9000000000001
2010-12-06,867.2
2010-12-07,890.9000000000001
2010-12-08,932.5000000000001
2010-12-09,1194.0
2010-12-10,1169.8
2010-12-11,1155.0
2010-12-12,1178.1999999999998
2010-12-13,1211.1
2010-12-14,936.4000000000001
2010-12-15,924.0999999999999
2010-12-16,930.8
2010-12-17,884.6
2010-12-18,909.5
2010-12-19,1042.0
2010-12-20,1154.9
2010-12-21,1181.9
2010-12-22,1753.1
2010-12-23,2748.3
2010-12-24,3213.5
2010-12-25,3340.8
2010-12-26,3980.6
2010-12-27,3740.3
2010-12-28,2794.4
2010-12-29,2354.8999999999996
2010-12-30,2282.6000000000004
2010-12-31,1796.9
2011-01-01,1471.1
2011-01-02,1415.1999999999998
2011-01-03,1418.9
2011-01-04,1308.6
2011-01-05,1154.9
2011-01-06,1196.3
2011-01-07,1179.7
2011-01-08,1112.1
2011-01-09,1084.0
2011-01-10,1259.2
2011-01-11,1289.1
2011-01-12,1252.9
2011-01-13,1293.0
2011-01-14,1541.2000000000003
2011-01-15,1429.5
2011-01-16,1475.9
2011-01-17,1596.3000000000002
2011-01-18,1499.3
2011-01-19,1320.4
2011-01-20,1259.3
2011-01-21,1233.0
2011-01-22,1133.3
2011-01-23,1160.2
2011-01-24,1067.6999999999998
2011-01-25,1067.5
2011-01-26,986.0
2011-01-27,922.6
2011-01-28,976.8
2011-01-29,1029.6000000000001
2011-01-30,1016.5000000000001
2011-01-31,1156.3000000000002
2011-02-01,1213.1
2011-02-02,1143.4
2011-02-03,1081.2
2011-02-04,1136.7
2011-02-05,1105.4
2011-02-06,1091.1999999999998
2011-02-07,1084.0
2011-02-08,1027.6999999999998
2011-02-09,971.4
2011-02-10,887.5
2011-02-11,930.7000000000002
2011-02-12,1028.0
2011-02-13,1115.2
2011-02-14,1175.8
2011-02-15,1128.8
2011-02-16,1092.9
2011-02-17,981.3000000000001
2011-02-18,946.8
2011-02-19,962.4
2011-02-20,985.8
2011-02-21,1019.7
2011-02-22,1127.2
2011-02-23,1364.0
2011-02-24,1280.1
2011-02-25,1269.3000000000002
2011-02-26,1212.6
2011-02-27,1104.5000000000002
2011-02-28,814.5
2011-03-01,840.5
2011-03-02,846.9000000000001
2011-03-03,846.8
2011-03-04,896.5
2011-03-05,986.7
2011-03-06,987.7
2011-03-07,1101.4
2011-03-08,1077.3000000000002
2011-03-09,1031.7
2011-03-10,1235.6
2011-03-11,1285.1
2011-03-12,5629.6
2011-03-13,8687.9
2011-03-14,10654.0
2011-03-15,11685.2
2011-03-16,12390.3
2011-03-17,8646.900000000001
2011-03-18,6300.5
2011-03-19,4775.0
2011-03-20,4017.9000000000005
2011-03-21,3771.1000000000004
2011-03-22,3358.8999999999996
2011-03-23,3215.4
2011-03-24,3100.2000000000003
2011-03-25,2891.6000000000004
2011-03-26,2606.2
2011-03-27,2536.3999999999996
2011-03-28,2207.6
2011-03-29,2002.4
2011-03-30,1904.7
2011-03-31,1826.7
2011-04-01,1808.8
2011-04-02,1791.3000000000002
2011-04-03,1829.1
2011-04-04,1752.0
2011-04-05,1733.3000000000002
2011-04-06,1685.3000000000002
2011-04-07,1624.4
2011-04-08,1683.7000000000003
2011-04-09,1672.9
2011-04-10,1603.3000000000002
2011-04-11,1512.2
2011-04-12,1733.9
2011-04-13,1593.6000000000001
2011-04-14,1601.4
2011-04-15,1695.9
2011-04-16,1720.0
2011-04-17,1456.8
2011-04-18,1479.5
2011-04-19,1442.4
2011-04-20,1418.8
2011-04-21,1384.9
2011-04-22,1426.9
2011-04-23,1382.7
2011-04-24,1342.0
2011-04-25,1279.6
2011-04-26,1317.1999999999998
2011-04-27,1292.2
2011-04-28,1232.9
2011-04-29,1225.6
2011-04-30,1234.3
2011-05-01,1247.6
2011-05-02,1221.8999999999999
2011-05-03,1273.2
2011-05-04,1260.3000000000002
2011-05-05,1234.2999999999997
2011-05-06,1229.9
2011-05-07,1154.7
2011-05-08,1173.9
2011-05-09,1182.2
2011-05-10,1182.5
2011-05-11,1540.0
2011-05-12,1777.0
2011-05-13,1759.0
2011-05-14,1857.5
2011-05-15,1809.7
2011-05-16,1400.6
2011-05-17,1231.1000000000001
2011-05-18,1220.3000000000002
2011-05-19,1182.9
2011-05-20,1231.5
2011-05-21,1247.2
2011-05-22,1299.3
2011-05-23,1379.3000000000002
2011-05-24,1310.6
2011-05-25,1365.1
2011-05-26,1242.0
2011-05-27,1131.6999999999998
2011-05-28,1073.1
2011-05-29,1114.2000000000003
2011-05-30,991.1000000000001
2011-05-31,1028.8999999999999
2011-06-01,1055.5
2011-06-02,1048.5
2011-06-03,1026.6
2011-06-04,1093.9999999999998
2011-06-05,1204.3000000000002
2011-06-06,1190.8000000000002
2011-06-07,1121.5
2011-06-08,1135.1000000000001
2011-06-09,1102.7
2011-06-10,1031.0
2011-06-11,1082.6
2011-06-12,1137.8999999999999
2011-06-13,1403.6
2011-06-14,1542.6
2011-06-15,1548.8
2011-06-16,1550.1000000000001
2011-06-17,1702.8
2011-06-18,1447.4
2011-06-19,1344.2
2011-06-20,1314.3
2011-06-21,1340.5
2011-06-22,1218.3
2011-06-23,1153.1
2011-06-24,1094.5
2011-06-25,1138.8999999999999
2011-06-26,1032.9
2011-06-27,1016.3000000000002
2011-06-28,1040.9
2011-06-29,1134.2
2011-06-30,1077.8000000000002
2011-07-01,1079.5
2011-07-02,1077.1999999999998
2011-07-03,1035.9
2011-07-04,900.4000000000001
2011-07-05,893.1
2011-07-06,934.9000000000001
2011-07-07,1144.2
2011-07-08,1457.3000000000002
2011-07-09,1588.5
2011-07-10,1910.1
2011-07-11,2120.0
2011-07-12,2255.8999999999996
2011-07-13,2253.9
2011-07-14,2280.1
2011-07-15,2039.0
2011-07-16,1925.6
2011-07-17,1536.1
2011-07-18,1244.6
2011-07-19,1166.6
2011-07-20,1093.1
2011-07-21,965.8
2011-07-22,1009.5999999999999
2011-07-23,1040.8
2011-07-24,1065.0
2011-07-25,1078.0
2011-07-26,1165.4
2011-07-27,1146.5
2011-07-28,1118.5
2011-07-29,1099.3000000000002
2011-07-30,1079.2
2011-07-31,992.9000000000002
2011-08-01,936.4000000000001
2011-08-02,963.4000000000001
2011-08-03,921.5999999999999
2011-08-04,975.9000000000001
2011-08-05,986.8000000000001
2011-08-06,1018.9000000000001
2011-08-07,1057.4
2011-08-08,1028.6
2011-08-09,970.9
2011-08-10,1015.5
2011-08-11,975.9
2011-08-12,922.8
2011-08-13,950.1000000000001
2011-08-14,965.9000000000001
2011-08-15,876.0
2011-08-16,902.6
2011-08-17,900.7
2011-08-18,884.9
2011-08-19,864.9
2011-08-20,934.0
2011-08-21,1109.6
2011-08-22,1214.7000000000003
2011-08-23,1321.3
2011-08-24,1374.9
2011-08-25,1389.1999999999998
2011-08-26,1260.4
2011-08-27,1157.9
2011-08-28,1157.7
2011-08-29,1093.9
2011-08-30,1081.0
2011-08-31,1063.1999999999998
2011-09-01,1144.2
2011-09-02,1046.0
2011-09-03,1112.3
2011-09-04,1054.0
2011-09-05,1020.9000000000001
2011-09-06,1002.1999999999998
2011-09-07,1026.8
2011-09-08,937.9000000000001
2011-09-09,934.8
2011-09-10,982.1000000000001
2011-09-11,913.2
2011-09-12,884.2
2011-09-13,911.1
2011-09-14,913.3999999999999
2011-09-15,863.7
2011-09-16,911.5999999999999
2011-09-17,992.5999999999999
2011-09-18,1073.4
2011-09-19,1116.5
2011-09-20,1118.0
2011-09-21,1052.5
2011-09-22,964.0
2011-09-23,906.1000000000001
2011-09-24,925.1
2011-09-25,908.7
2011-09-26,962.9000000000001
2011-09-27,935.3
2011-09-28,911.3
2011-09-29,850.5999999999999
2011-09-30,932.1
2011-10-01,907.9000000000001
2011-10-02,964.8000000000001
2011-10-03,953.9000000000001
2011-10-04,948.8
2011-10-05,888.0
2011-10-06,905.4000000000001
2011-10-07,950.2
2011-10-08,985.7
2011-10-09,962.7
2011-10-10,999.2
2011-10-11,1007.1
2011-10-12,969.5000000000001
2011-10-13,923.5
2011-10-14,979.6
2011-10-15,998.5
2011-10-16,940.4
2011-10-17,937.7
2011-10-18,1042.3000000000002
2011-10-19,1045.6
2011-10-20,1060.7
2011-10-21,1078.5
2011-10-22,1131.7
2011-10-23,1122.6
2011-10-24,1382.8
2011-10-25,1376.4
2011-10-26,1473.9
2011-10-27,1434.2
2011-10-28,1377.2
2011-10-29,1221.0
2011-10-30,1215.6
2011-10-31,1202.0
2011-11-01,1147.4
2011-11-02,1178.8000000000002
2011-11-03,1051.0
2011-11-04,1004.6
2011-11-05,998.1
2011-11-06,1073.0
2011-11-07,1068.8000000000002
2011-11-08,1228.1
2011-11-09,1274.4
2011-11-10,1256.9
2011-11-11,1140.1
2011-11-12,1101.3000000000002
2011-11-13,942.9000000000001
2011-11-14,914.4000000000001
2011-11-15,850.8
2011-11-16,875.1
2011-11-17,913.6
2011-11-18,979.4000000000001
2011-11-19,1154.1000000000001
2011-11-20,1228.0
2011-11-21,1323.0
2011-11-22,1324.3
2011-11-23,1283.3000000000002
2011-11-24,1036.8
2011-11-25,946.4000000000001
2011-11-26,836.9
2011-11-27,819.4000000000001
2011-11-28,810.2
2011-11-29,844.2
2011-11-30,890.9
2011-12-01,990.3999999999999
2011-12-02,954.1
2011-12-03,983.2
2011-12-04,1021.2999999999998
2011-12-05,967.7
2011-12-06,942.2
2011-12-07,936.3
2011-12-08,928.4000000000001
2011-12-09,910.4000000000001
2011-12-10,931.4000000000001
2011-12-11,932.5999999999999
2011-12-12,1021.5
2011-12-13,1000.0
2011-12-14,992.8000000000001
2011-12-15,1002.8
2011-12-16,1047.0
2011-12-17,1006.2
2011-12-18,953.8000000000001
2011-12-19,917.8
2011-12-20,910.1
2011-12-21,822.5
2011-12-22,815.1999999999999
2011-12-23,854.8000000000001
2011-12-24,973.5
2011-12-25,929.9000000000001
2011-12-26,886.4
2011-12-27,892.5
2011-12-28,979.9000000000001
2011-12-29,978.2
2011-12-30,1005.1000000000001
2011-12-31,1092.0
2012-01-01,1043.6
2012-01-02,1035.2
2012-01-03,915.3000000000001
2012-01-04,919.4000000000001
2012-01-05,938.3
2012-01-06,1001.0
2012-01-07,917.3
2012-01-08,1002.6000000000001
2012-01-09,1044.2
2012-01-10,1031.1
2012-01-11,1012.7
2012-01-12,1030.3
2012-01-13,1015.2
2012-01-14,1035.4
2012-01-15,997.2
2012-01-16,989.0
2012-01-17,988.5
2012-01-18,987.2
2012-01-19,1021.0999999999999
2012-01-20,1169.1
2012-01-21,1137.3000000000002
2012-01-22,1135.4
2012-01-23,1118.6
2012-01-24,1059.4
2012-01-25,937.6
2012-01-26,1034.1
2012-01-27,1059.1000000000001
2012-01-28,1072.4
2012-01-29,1108.8
2012-01-30,1107.5000000000002
2012-01-31,1031.4
2012-02-01,1013.8
2012-02-02,1040.6
2012-02-03,1312.4
2012-02-04,1450.8000000000002
2012-02-05,1579.0
2012-02-06,1718.5
2012-02-07,1995.8
2012-02-08,1889.6000000000001
2012-02-09,1811.0
2012-02-10,1798.0
2012-02-11,1752.8
2012-02-12,1475.1000000000001
2012-02-13,1350.1
2012-02-14,1337.6
2012-02-15,1367.5
2012-02-16,1295.1999999999998
2012-02-17,1237.8000000000002
2012-02-18,1165.0
2012-02-19,1166.6
2012-02-20,1020.3000000000001
2012-02-21,1008.5
2012-02-22,993.9000000000001
2012-02-23,977.1000000000001
2012-02-24,930.7
2012-02-25,973.3
2012-02-26,933.7
2012-02-27,1320.5000000000002
2012-02-28,1454.9
2012-02-29,1475.4
2012-03-01,1535.6000000000001
2012-03-02,1556.8
2012-03-03,1253.8
2012-03-04,1192.8999999999999
2012-03-05,1204.0
2012-03-06,1179.4
2012-03-07,1266.4
2012-03-08,1283.8
2012-03-09,1255.7
2012-03-10,1266.6
2012-03-11,1296.0
2012-03-12,1252.0
2012-03-13,1164.2
2012-03-14,1102.3000000000002
2012-03-15,1206.8
2012-03-16,1185.3000000000002
2012-03-17,1152.2
2012-03-18,1220.6
2012-03-19,1250.6
2012-03-20,1077.5
2012-03-21,1108.2
2012-03-22,1244.2999999999997
2012-03-23,1196.7999999999997
2012-03-24,1179.1
2012-03-25,1167.0
2012-03-26,1161.4
2012-03-27,1071.9
2012-03-28,1052.1
2012-03-29,1094.3
2012-03-30,1150.3999999999999
2012-03-31,1133.8
2012-04-01,1120.3000000000002
2012-04-02,1102.9
2012-04-03,1094.1
2012-04-04,1084.3999999999999
2012-04-05,997.8000000000001
2012-04-06,877.5
2012-04-07,948.4000000000001
2012-04-08,897.9000000000001
2012-04-09,877.8000000000001
2012-04-10,857.2
2012-04-11,955.4000000000001
2012-04-12,2074.6
2012-04-13,2544.3999999999996
2012-04-14,2778.3
2012-04-15,3033.6
2012-04-16,3093.1
2012-04-17,2015.6
2012-04-18,1669.9
2012-04-19,1498.7
2012-04-20,1305.0
2012-04-21,1295.8
2012-04-22,1362.0
2012-04-23,1292.3999999999999
2012-04-24,1296.5
2012-04-25,1361.7
2012-04-26,1410.3000000000002
2012-04-27,1245.1
2012-04-28,1242.9
2012-04-29,1165.0
2012-04-30,1131.0
2012-05-01,1054.7
2012-05-02,1177.2
2012-05-03,1167.5
2012-05-04,1221.3
2012-05-05,1160.5
2012-05-06,1211.3000000000002
2012-05-07,1101.5
2012-05-08,1136.1
2012-05-09,1129.0
2012-05-10,1177.0
2012-05-11,1100.6000000000001
2012-05-12,1140.1
2012-05-13,1052.8000000000002
2012-05-14,1054.1
2012-05-15,1006.8999999999999
2012-05-16,1037.7
2012-05-17,989.7
2012-05-18,1037.1999999999998
2012-05-19,1034.2
2012-05-20,1060.8000000000002
2012-05-21,1218.9
2012-05-22,1282.4
2012-05-23,1279.9
2012-05-24,1346.3
2012-05-25,1332.0
2012-05-26,1138.8000000000002
2012-05-27,1104.4
2012-05-28,1148.3
2012-05-29,1032.4
2012-05-30,1072.9
2012-05-31,1066.5
2012-06-01,1002.5999999999999
2012-06-02,961.3000000000001
2012-06-03,990.3
2012-06-04,956.1
2012-06-05,977.8000000000002
2012-06-06,1077.4
2012-06-07,1105.5
2012-06-08,1177.6
2012-06-09,1160.1
2012-06-10,1155.9
2012-06-11,1127.8
2012-06-12,1087.8000000000002
2012-06-13,977.6000000000001
2012-06-14,915.6000000000001
2012-06-15,948.9
2012-06-16,915.9000000000001
2012-06-17,921.3
2012-06-18,964.3
2012-06-19,1055.6
2012-06-20,1033.7
2012-06-21,981.7
2012-06-22,988.4
2012-06-23,1050.6
2012-06-24,1005.9
2012-06-25,968.5
2012-06-26,988.8000000000002
2012-06-27,996.0
2012-06-28,974.7
2012-06-29,985.4000000000001
2012-06-30,1015.4000000000001
2012-07-01,1083.6
2012-07-02,1062.1
2012-07-03,989.8000000000001
2012-07-04,1008.1000000000001
2012-07-05,1032.8
2012-07-06,984.8000000000001
2012-07-07,923.3000000000001
2012-07-08,960.4000000000001
2012-07-09,992.9
2012-07-10,949.2
2012-07-11,991.0000000000002
2012-07-12,1040.1
2012-07-13,1046.9
2012-07-14,1004.8
2012-07-15,1034.8000000000002
2012-07-16,983.1999999999999
2012-07-17,932.2
2012-07-18,992.4
2012-07-19,966.7
2012-07-20,885.4000000000001
2012-07-21,922.1000000000001
2012-07-22,993.2
2012-07-23,936.9000000000001
2012-07-24,973.3000000000001
2012-07-25,1029.1
2012-07-26,1051.6
2012-07-27,1041.6999999999998
2012-07-28,1037.2
2012-07-29,1035.5
2012-07-30,1013.3
2012-07-31,958.6
2012-08-01,978.1000000000001
2012-08-02,919.4000000000001
2012-08-03,977.5
2012-08-04,1137.4
2012-08-05,1222.3000000000002
2012-08-06,1161.3999999999999
2012-08-07,1272.0
2012-08-08,1221.1
2012-08-09,1130.3
2012-08-10,1108.1
2012-08-11,1139.5
2012-08-12,1125.6
2012-08-13,1083.8
2012-08-14,970.2
2012-08-15,931.7
2012-08-16,875.4000000000001
2012-08-17,779.0999999999999
2012-08-18,758.6
2012-08-19,848.5
2012-08-20,864.0
2012-08-21,915.1000000000001
2012-08-22,901.3
2012-08-23,871.1000000000001
2012-08-24,754.5
2012-08-25,722.1000000000001
2012-08-26,685.2
2012-08-27,733.7000000000002
2012-08-28,970.1999999999999
2012-08-29,1098.9
2012-08-30,1103.5
2012-08-31,1186.8999999999999
2012-09-01,1605.4
2012-09-02,1656.0
2012-09-03,1719.6999999999998
2012-09-04,1927.5
2012-09-05,2160.3
2012-09-06,1793.0
2012-09-07,1675.9
2012-09-08,1672.1
2012-09-09,1640.5
2012-09-10,1479.1999999999998
2012-09-11,1481.4
2012-09-12,1493.0
2012-09-13,1439.4
2012-09-14,1325.4
2012-09-15,1190.0
2012-09-16,1165.1
2012-09-17,1082.0
2012-09-18,1056.9
2012-09-19,1030.0
2012-09-20,1080.3000000000002
2012-09-21,1012.4000000000001
2012-09-22,1052.1
2012-09-23,1084.6
2012-09-24,1130.8000000000002
2012-09-25,1094.1
2012-09-26,1135.6
2012-09-27,1067.9
2012-09-28,1069.2
2012-09-29,1015.1
2012-09-30,1005.2
2012-10-01,934.4000000000001
2012-10-02,960.0999999999999
2012-10-03,980.8
2012-10-04,985.4
2012-10-05,976.9000000000001
2012-10-06,1047.7
2012-10-07,984.2
2012-10-08,898.4
2012-10-09,937.0
2012-10-10,959.7
2012-10-11,933.4000000000001
2012-10-12,963.3000000000002
2012-10-13,948.8
2012-10-14,856.4
2012-10-15,953.4
2012-10-16,988.3
2012-10-17,1022.3000000000002
2012-10-18,1039.0
2012-10-19,1076.0
2012-10-20,980.5000000000001
2012-10-21,935.8
2012-10-22,1020.8
2012-10-23,1069.4
2012-10-24,1049.0
2012-10-25,1050.4
2012-10-26,1084.0
2012-10-27,941.8
2012-10-28,927.7
2012-10-29,1548.9
2012-10-30,1712.4
2012-10-31,1778.2
2012-11-01,1789.4999999999998
2012-11-02,1773.1
2012-11-03,1192.0
2012-11-04,1029.4
2012-11-05,997.0
2012-11-06,1012.5
2012-11-07,1020.9000000000001
2012-11-08,1108.2
2012-11-09,1176.7
2012-11-10,1177.9
2012-11-11,1177.6999999999998
2012-11-12,1345.9
2012-11-13,1303.2
2012-11-14,1305.4
2012-11-15,1343.9
2012-11-16,1435.2
2012-11-17,1244.6999999999998
2012-11-18,1212.4
2012-11-19,1133.3000000000002
2012-11-20,1115.5
2012-11-21,981.4000000000001
2012-11-22,1006.0999999999999
2012-11-23,925.3
2012-11-24,906.0
2012-11-25,801.0
2012-11-26,776.5999999999999
2012-11-27,776.8000000000001
2012-11-28,825.0999999999999
2012-11-29,885.0
2012-11-30,894.0999999999999
2012-12-01,960.7
2012-12-02,906.5
2012-12-03,896.1
2012-12-04,875.8000000000001
2012-12-05,901.6
2012-12-06,835.3
2012-12-07,866.0
2012-12-08,1227.6999999999998
2012-12-09,1309.8000000000002
2012-12-10,1385.5
2012-12-11,1535.3
2012-12-12,1541.7
2012-12-13,1155.7
2012-12-14,1037.6
2012-12-15,1029.3999999999999
2012-12-16,926.6000000000001
2012-12-17,934.1
2012-12-18,967.0
2012-12-19,968.8000000000001
2012-12-20,931.8
2012-12-21,930.2
2012-12-22,875.1
2012-12-23,857.4
2012-12-24,882.9000000000001
2012-12-25,915.5999999999999
2012-12-26,936.4
2012-12-27,959.0
2012-12-28,1014.3000000000001
2012-12-29,1051.3
2012-12-30,1018.5
2012-12-31,993.8000000000002
2013-01-01,975.8
2013-01-02,911.4000000000001
2013-01-03,912.6
2013-01-04,908.6
2013-01-05,921.0999999999999
2013-01-06,1041.8
2013-01-07,1084.8000000000002
2013-01-08,1021.4999999999999
2013-01-09,1062.0
2013-01-10,1310.3
2013-01-11,1188.6
2013-01-12,1176.1
2013-01-13,1234.5
2013-01-14,1212.0
2013-01-15,1025.2
2013-01-16,1070.3
2013-01-17,1054.6
2013-01-18,969.5
2013-01-19,929.9000000000001
2013-01-20,862.1999999999998
2013-01-21,867.7
2013-01-22,902.9000000000001
2013-01-23,951.3
2013-01-24,932.8
2013-01-25,905.3
2013-01-26,899.3000000000001
2013-01-27,840.3
2013-01-28,867.8
2013-01-29,965.9000000000001
2013-01-30,995.5
2013-01-31,1050.5
2013-02-01,1221.3
2013-02-02,1228.9
2013-02-03,1236.9
2013-02-04,1259.5
2013-02-05,1207.3
2013-02-06,1047.4
2013-02-07,2762.3
2013-02-08,3117.8999999999996
2013-02-09,3696.7
2013-02-10,3935.0
2013-02-11,4162.4
2013-02-12,2450.4
2013-02-13,2037.8
2013-02-14,1533.6
2013-02-15,1409.3
2013-02-16,1230.7
2013-02-17,1221.5
2013-02-18,1260.0
2013-02-19,1232.7
2013-02-20,1178.0
2013-02-21,1209.4
2013-02-22,1160.6
2013-02-23,1104.1999999999998
2013-02-24,1055.6000000000001
2013-02-25,937.8
2013-02-26,1018.8999999999999
2013-02-27,1050.0
2013-02-28,1038.2
2013-03-01,972.0999999999999
2013-03-02,1009.7
2013-03-03,911.9
2013-03-04,846.0
2013-03-05,838.3
2013-03-06,909.1999999999999
2013-03-07,1084.2000000000003
2013-03-08,1065.8
2013-03-09,1086.0
2013-03-10,1095.8
2013-03-11,1104.9
2013-03-12,1038.9
2013-03-13,1064.8000000000002
2013-03-14,1169.2
2013-03-15,1106.6
2013-03-16,1111.2
2013-03-17,984.5999999999999
2013-03-18,868.6000000000001
2013-03-19,749.3
2013-03-20,816.8
2013-03-21,796.5
2013-03-22,782.3
2013-03-23,790.6
2013-03-24,837.9000000000001
2013-03-25,869.0
2013-03-26,911.5
2013-03-27,984.9000000000001
2013-03-28,992.4000000000001
2013-03-29,996.2
2013-03-30,968.5
2013-03-31,905.3000000000002
2013-04-01,821.4
2013-04-02,868.3
2013-04-03,901.3000000000001
2013-04-04,906.5999999999999
2013-04-05,910.9
2013-04-06,1019.6
2013-04-07,1070.6
2013-04-08,1050.0
2013-04-09,966.2
2013-04-10,1157.1
2013-04-11,1145.4
2013-04-12,1126.7
2013-04-13,1151.0
2013-04-14,1209.9
2013-04-15,1028.8
2013-04-16,944.7
2013-04-17,943.6999999999998
2013-04-18,1196.7000000000003
2013-04-19,1255.9
2013-04-20,1260.4
2013-04-21,1548.8
2013-04-22,1563.0
2013-04-23,1297.8999999999999
2013-04-24,1249.2
2013-04-25,1317.8999999999999
2013-04-26,1061.0
2013-04-27,993.9000000000001
2013-04-28,956.2
2013-04-29,934.7
2013-04-30,832.0
2013-05-01,889.2
2013-05-02,906.0000000000001
2013-05-03,889.1000000000001
2013-05-04,869.5
2013-05-05,885.2
2013-05-06,811.4000000000001
2013-05-07,850.8000000000001
2013-05-08,882.5
2013-05-09,854.8000000000002
2013-05-10,841.8
2013-05-11,838.7
2013-05-12,912.8
2013-05-13,992.9000000000001
2013-05-14,1045.4
2013-05-15,1062.3000000000002
2013-05-16,1154.6000000000001
2013-05-17,1142.2
2013-05-18,1083.6
2013-05-19,1157.0
2013-05-20,1452.7
2013-05-21,1542.6
2013-05-22,1837.3
2013-05-23,1810.1000000000001
2013-05-24,1737.7
2013-05-25,1619.1999999999998
2013-05-26,1446.8000000000002
2013-05-27,1004.8
2013-05-28,1058.8000000000002
2013-05-29,1046.4
2013-05-30,854.3000000000001
2013-05-31,797.4000000000001
2013-06-01,872.8
2013-06-02,928.8
2013-06-03,1071.0
2013-06-04,1113.6
2013-06-05,1316.3000000000002
2013-06-06,1351.3000000000002
2013-06-07,1316.6
2013-06-08,1271.4
2013-06-09,1327.9
2013-06-10,1159.8999999999999
2013-06-11,1093.9
2013-06-12,1042.9
2013-06-13,917.7
2013-06-14,829.3
2013-06-15,841.4
2013-06-16,975.5
2013-06-17,1041.1
2013-06-18,1083.3000000000002
2013-06-19,1118.5
2013-06-20,1198.7
2013-06-21,1061.9
2013-06-22,964.5
2013-06-23,1005.7
2013-06-24,972.7
2013-06-25,894.2
2013-06-26,957.3
2013-06-27,928.2
2013-06-28,946.0
2013-06-29,908.8
2013-06-30,942.4
2013-07-01,854.7
2013-07-02,869.2
2013-07-03,842.5999999999999
2013-07-04,928.6
2013-07-05,862.7
2013-07-06,920.0
2013-07-07,892.7
2013-07-08,876.9000000000001
2013-07-09,809.8000000000001
2013-07-10,911.2
2013-07-11,888.8000000000001
2013-07-12,1003.4000000000001
2013-07-13,982.7
2013-07-14,1005.9
2013-07-15,961.5
2013-07-16,1124.8
2013-07-17,1051.8999999999999
2013-07-18,1093.2
2013-07-19,1102.9
2013-07-20,1137.5
2013-07-21,1020.6
2013-07-22,1218.3
2013-07-23,1226.3000000000002
2013-07-24,1266.0
2013-07-25,1309.2999999999997
2013-07-26,1315.4
2013-07-27,1169.0
2013-07-28,1148.1999999999998
2013-07-29,1116.0
2013-07-30,1058.8
2013-07-31,1046.4
2013-08-01,1092.2
2013-08-02,1081.1000000000004
2013-08-03,1097.3
2013-08-04,1045.0
2013-08-05,1044.8000000000002
2013-08-06,984.6000000000001
2013-08-07,1080.1999999999998
2013-08-08,1102.4999999999998
2013-08-09,1169.0
2013-08-10,1171.1999999999998
2013-08-11,1101.6999999999998
2013-08-12,1003.7
2013-08-13,974.8
2013-08-14,941.6000000000001
2013-08-15,859.5
2013-08-16,902.4000000000001
2013-08-17,1240.6
2013-08-18,1343.4
2013-08-19,1423.4
2013-08-20,1424.1999999999998
2013-08-21,1382.0
2013-08-22,1061.7
2013-08-23,945.1000000000001
2013-08-24,799.5
2013-08-25,886.4
2013-08-26,941.9
2013-08-27,938.1000000000001
2013-08-28,952.8000000000001
2013-08-29,1023.6999999999999
2013-08-30,1029.0
2013-08-31,1127.7
2013-09-01,1286.0
2013-09-02,1236.9
2013-09-03,1288.7
2013-09-04,1298.6
2013-09-05,1354.8999999999999
2013-09-06,1255.9
2013-09-07,1288.8
2013-09-08,1329.4
2013-09-09,1262.2
2013-09-10,1131.4
2013-09-11,1029.6
2013-09-12,1046.3999999999999
2013-09-13,902.3
2013-09-14,852.6
2013-09-15,769.8
2013-09-16,810.1
2013-09-17,795.5999999999999
2013-09-18,846.5
2013-09-19,953.2
2013-09-20,981.6
2013-09-21,973.2
2013-09-22,1024.9
2013-09-23,1033.0
2013-09-24,976.8000000000001
2013-09-25,1092.2
2013-09-26,1119.1
2013-09-27,1080.9
2013-09-28,1078.8
2013-09-29,1036.6999999999998
2013-09-30,929.7
2013-10-01,937.0
2013-10-02,925.5
2013-10-03,992.0
2013-10-04,1047.8000000000002
2013-10-05,1115.7
2013-10-06,1049.1
2013-10-07,1099.5
2013-10-08,1008.1000000000001
2013-10-09,1072.8000000000002
2013-10-10,1019.3000000000001
2013-10-11,1053.5
2013-10-12,1118.1000000000001
2013-10-13,1167.6
2013-10-14,1078.5
2013-10-15,1109.9
2013-10-16,1654.3000000000002
2013-10-17,1650.8000000000002
2013-10-18,1664.1
2013-10-19,1890.2000000000003
2013-10-20,2023.3000000000002
2013-10-21,1581.6
2013-10-22,1507.7
2013-10-23,1457.0
2013-10-24,1265.9
2013-10-25,1118.1
2013-10-26,1115.4
2013-10-27,1042.7
2013-10-28,1060.6000000000004
2013-10-29,1118.6000000000001
2013-10-30,1187.8000000000002
2013-10-31,1176.6
2013-11-01,1260.6999999999998
2013-11-02,1315.2
2013-11-03,1288.6999999999998
2013-11-04,1332.3000000000002
2013-11-05,1215.1999999999998
2013-11-06,1199.7
2013-11-07,1077.9
2013-11-08,1034.2
2013-11-09,912.0
2013-11-10,926.6
2013-11-11,886.5
2013-11-12,1010.1
2013-11-13,1207.3
2013-11-14,1282.7
2013-11-15,1308.9
2013-11-16,1355.8000000000002
2013-11-17,1512.5
2013-11-18,2004.4
2013-11-19,2095.7000000000003
2013-11-20,2286.3
2013-11-21,2321.2
2013-11-22,2115.1000000000004
2013-11-23,1561.5
2013-11-24,1396.7
2013-11-25,1263.9
2013-11-26,1323.5
2013-11-27,1344.1999999999998
2013-11-28,1242.2
2013-11-29,1237.8999999999999
2013-11-30,1251.5
2013-12-01,1051.5
2013-12-02,1088.1
2013-12-03,1081.1
2013-12-04,1072.3
2013-12-05,1019.6000000000001
2013-12-06,1072.7000000000003
2013-12-07,1029.4
2013-12-08,1044.1
2013-12-09,1101.5
2013-12-10,1179.1
2013-12-11,1255.1
2013-12-12,1233.1
2013-12-13,1161.0
2013-12-14,1109.6
2013-12-15,949.1
2013-12-16,939.5
2013-12-17,909.3
2013-12-18,976.0999999999999
2013-12-19,1016.8999999999999
2013-12-20,1084.3
2013-12-21,1097.9
2013-12-22,1150.6
2013-12-23,1180.6999999999998
2013-12-24,1214.2
2013-12-25,1215.9
2013-12-26,1127.5
2013-12-27,1131.8000000000002
2013-12-28,1071.6
2013-12-29,1098.6000000000001
2013-12-30,1194.3
2013-12-31,1172.8000000000002
2014-01-01,1198.5
2014-01-02,1254.5
2014-01-03,1215.4
2014-01-04,1164.9
2014-01-05,1232.3
2014-01-06,1233.2
2014-01-07,1261.0
2014-01-08,1256.3
2014-01-09,1182.2
2014-01-10,1140.1000000000001
2014-01-11,1099.5
2014-01-12,1030.6
2014-01-13,970.3
2014-01-14,978.5000000000001
2014-01-15,1003.2
2014-01-16,1011.1000000000001
2014-01-17,1038.1999999999998
2014-01-18,1085.6999999999998
2014-01-19,1191.3000000000002
2014-01-20,1281.0
2014-01-21,1323.9
2014-01-22,1370.6
2014-01-23,1304.3
2014-01-24,1283.5
2014-01-25,1233.9
2014-01-26,1175.1
2014-01-27,1313.3
2014-01-28,1430.0
2014-01-29,1533.1
2014-01-30,1486.5
2014-01-31,1522.6000000000001
2014-02-01,1316.9
2014-02-02,1321.1999999999998
2014-02-03,1242.6
2014-02-04,1341.4
2014-02-05,1522.6
2014-02-06,1457.4
2014-02-07,1379.6
2014-02-08,1325.3000000000002
2014-02-09,1229.6
2014-02-10,1029.4
2014-02-11,1099.4
2014-02-12,1097.3000000000002
2014-02-13,1104.4
2014-02-14,1161.1999999999998
2014-02-15,1187.9
2014-02-16,1179.6000000000001
2014-02-17,1180.2
2014-02-18,1137.8
2014-02-19,1075.3000000000002
2014-02-20,995.0
2014-02-21,955.0
2014-02-22,930.0
2014-02-23,955.7
2014-02-24,978.5
2014-02-25,1008.0
2014-02-26,996.0
2014-02-27,1029.1
2014-02-28,1006.9
2014-03-01,1072.2
2014-03-02,1034.2
2014-03-03,1148.8000000000002
2014-03-04,1178.3000000000002
2014-03-05,1186.9
2014-03-06,1133.8000000000002
2014-03-07,1178.1999999999998
2014-03-08,1140.7000000000003
2014-03-09,1130.7
2014-03-10,1167.3
2014-03-11,1201.3999999999999
2014-03-12,1214.0
2014-03-13,1263.1999999999998
2014-03-14,1226.5
2014-03-15,1229.7999999999997
2014-03-16,1304.6000000000001
2014-03-17,1455.9
2014-03-18,1576.6
2014-03-19,1691.9
2014-03-20,1728.2000000000003
2014-03-21,1690.1000000000001
2014-03-22,1811.6999999999998
2014-03-23,1757.7
2014-03-24,1770.9
2014-03-25,1810.6999999999998
2014-03-26,1778.9
2014-03-27,1565.9
2014-03-28,1433.4
2014-03-29,1287.8
2014-03-30,1183.9
2014-03-31,1135.2
2014-04-01,1154.6999999999998
2014-04-02,1166.7
2014-04-03,1809.1000000000001
2014-04-04,2173.2000000000003
2014-04-05,2258.1
2014-04-06,2266.5
2014-04-07,2240.4
2014-04-08,1669.8
2014-04-09,1308.6000000000001
2014-04-10,1263.0000000000002
2014-04-11,1236.9
2014-04-12,1559.2
2014-04-13,1807.9
2014-04-14,2311.3
2014-04-15,2529.1
2014-04-16,2607.3
2014-04-17,2377.1
2014-04-18,2151.2999999999997
2014-04-19,1807.7
2014-04-20,2148.2
2014-04-21,2313.7000000000003
2014-04-22,2437.8
2014-04-23,2420.2
2014-04-24,2347.2
2014-04-25,1844.9
2014-04-26,1631.0
2014-04-27,1496.9
2014-04-28,1481.0
2014-04-29,1463.1
2014-04-30,1379.0
2014-05-01,1329.4
2014-05-02,1303.6
2014-05-03,1294.1999999999998
2014-05-04,1306.3000000000002
2014-05-05,1410.9
2014-05-06,1481.1
2014-05-07,1480.6000000000001
2014-05-08,1457.3000000000002
2014-05-09,1415.6
2014-05-10,1344.4
2014-05-11,1368.0
2014-05-12,1341.5
2014-05-13,1393.4
2014-05-14,1444.6999999999998
2014-05-15,1496.6
2014-05-16,1438.6
2014-05-17,1435.4
2014-05-18,1416.9
2014-05-19,1322.5
2014-05-20,1263.6
2014-05-21,1253.3000000000002
2014-05-22,1261.6
2014-05-23,1263.1
2014-05-24,1338.4
2014-05-25,1278.5
2014-05-26,1254.3
2014-05-27,1313.7
2014-05-28,1327.7
2014-05-29,1266.5
2014-05-30,1306.1000000000001
2014-05-31,1517.4
2014-06-01,1520.5
2014-06-02,1572.6
2014-06-03,1619.2
2014-06-04,1614.6000000000001
2014-06-05,1327.1000000000001
2014-06-06,1271.0
2014-06-07,1274.9
2014-06-08,1233.8
2014-06-09,1303.3
2014-06-10,1415.8
2014-06-11,1391.7
2014-06-12,1315.1000000000001
2014-06-13,1212.0
2014-06-14,1121.4
2014-06-15,1039.6999999999998
2014-06-16,1007.9
2014-06-17,1049.4
2014-06-18,1116.6
2014-06-19,1118.1
2014-06-20,1158.1000000000001
2014-06-21,1239.6999999999998
2014-06-22,1187.4
2014-06-23,1338.0000000000002
2014-06-24,1915.9
2014-06-25,2375.9
2014-06-26,2471.2
2014-06-27,2550.3
2014-06-28,2463.0
2014-06-29,1971.0000000000002
2014-06-30,1838.7
2014-07-01,1848.2000000000003
2014-07-02,1871.7
2014-07-03,1863.2
2014-07-04,1859.2
2014-07-05,1514.5
2014-07-06,1462.3
2014-07-07,1358.5
2014-07-08,1356.1
2014-07-09,1347.6
2014-07-10,1343.5
2014-07-11,1232.3000000000002
2014-07-12,1350.6000000000001
2014-07-13,1379.2
2014-07-14,1328.5
2014-07-15,1355.9
2014-07-16,1465.0
2014-07-17,1364.3999999999999
2014-07-18,1306.9
2014-07-19,1316.8
2014-07-20,1280.8
2014-07-21,1192.0
2014-07-22,1173.9
2014-07-23,1167.0
2014-07-24,1140.1
2014-07-25,1151.0000000000002
2014-07-26,1187.2
2014-07-27,1236.8
2014-07-28,1257.9
2014-07-29,1407.4
2014-07-30,1431.4
2014-07-31,1398.0
2014-08-01,1402.4
2014-08-02,1415.7
2014-08-03,1259.2
2014-08-04,1398.1
2014-08-05,1425.1
2014-08-06,1371.9
2014-08-07,1320.4
2014-08-08,1351.1
2014-08-09,1147.6
2014-08-10,1069.6
2014-08-11,1061.7
2014-08-12,1099.4
2014-08-13,1043.6
2014-08-14,1073.5
2014-08-15,1135.2
2014-08-16,1124.1999999999998
2014-08-17,1083.3000000000002
2014-08-18,1118.1
2014-08-19,1201.6999999999998
2014-08-20,1255.8999999999999
2014-08-21,1233.5
2014-08-22,1263.9
2014-08-23,1345.3
2014-08-24,1207.8000000000002
2014-08-25,1243.0
2014-08-26,1297.2
2014-08-27,1273.0
2014-08-28,1221.2
2014-08-29,1225.8000000000002
2014-08-30,1113.5
2014-08-31,1083.0
2014-09-01,1217.7999999999997
2014-09-02,1191.6
2014-09-03,1189.3000000000002
2014-09-04,1262.2
2014-09-05,1323.5
2014-09-06,1171.4
2014-09-07,1227.0
2014-09-08,1284.3000000000002
2014-09-09,1296.8000000000002
2014-09-10,1292.1
2014-09-11,1324.5
2014-09-12,1237.4
2014-09-13,1237.0
2014-09-14,1218.9
2014-09-15,1239.8999999999999
2014-09-16,1270.1
2014-09-17,1316.9
2014-09-18,1367.5
2014-09-19,1304.1
2014-09-20,1205.6
2014-09-21,1241.1
2014-09-22,1213.1999999999998
2014-09-23,1151.4
2014-09-24,1120.2
2014-09-25,1154.9
2014-09-26,1125.1
2014-09-27,1129.0
2014-09-28,1108.0
2014-09-29,1117.0
2014-09-30,1047.6000000000001
2014-10-01,1026.1000000000001
2014-10-02,1107.6
2014-10-03,1247.3000000000002
2014-10-04,1357.0
2014-10-05,1452.3
2014-10-06,1404.6999999999998
2014-10-07,1400.7
2014-10-08,1389.6
2014-10-09,1312.1999999999998
2014-10-10,1319.5
2014-10-11,1402.1
2014-10-12,1416.6999999999998
2014-10-13,1442.8000000000002
2014-10-14,1561.3000000000002
2014-10-15,1611.1000000000001
2014-10-16,1620.6
2014-10-17,1602.6
2014-10-18,1496.8000000000002
2014-10-19,1462.5
2014-10-20,1513.3
2014-10-21,1524.3000000000002
2014-10-22,1565.4
2014-10-23,1729.6000000000001
2014-10-24,1678.3
2014-10-25,1599.9
2014-10-26,1572.3000000000002
2014-10-27,1531.6999999999998
2014-10-28,1369.6999999999998
2014-10-29,1403.8
2014-10-30,1361.1
2014-10-31,1286.7
2014-11-01,1248.7
2014-11-02,1261.9
2014-11-03,1245.6
2014-11-04,1288.4
2014-11-05,1287.2
2014-11-06,1257.5
2014-11-07,1188.8999999999999
2014-11-08,1174.1
2014-11-09,1180.7999999999997
2014-11-10,1275.5
2014-11-11,1379.5
2014-11-12,1433.6
2014-11-13,1444.3
2014-11-14,1429.5
2014-11-15,1366.8000000000002
2014-11-16,1636.8000000000002
2014-11-17,1728.5000000000002
2014-11-18,1896.5
2014-11-19,2070.1
2014-11-20,2243.3
2014-11-21,1940.6
2014-11-22,1915.1999999999998
2014-11-23,1720.1
2014-11-24,1544.5
2014-11-25,1394.3999999999999
2014-11-26,1422.1000000000001
2014-11-27,1576.1
2014-11-28,1520.1999999999998
2014-11-29,1606.0
2014-11-30,1695.0
2014-12-01,1667.1
2014-12-02,1460.6999999999998
2014-12-03,1561.5
2014-12-04,1441.8999999999999
2014-12-05,1368.8000000000002
2014-12-06,1342.3
2014-12-07,1251.8999999999999
2014-12-08,1340.5
2014-12-09,1419.1
2014-12-10,1435.1
2014-12-11,1387.6
2014-12-12,1465.3000000000002
2014-12-13,1319.5
2014-12-14,1247.3
2014-12-15,1180.8
2014-12-16,1169.1
2014-12-17,1180.7
2014-12-18,1161.1
2014-12-19,1187.0
2014-12-20,1304.5
2014-12-21,1316.9
2014-12-22,1369.1000000000001
2014-12-23,1419.9
2014-12-24,1346.8000000000002
2014-12-25,1270.5
2014-12-26,1186.6
2014-12-27,1085.8999999999999
2014-12-28,1011.2
2014-12-29,1047.4
2014-12-30,1044.1
2014-12-31,1236.0
2015-01-01,1282.7
2015-01-02,1326.4
2015-01-03,1359.5000000000002
2015-01-04,1352.5
2015-01-05,1220.1
2015-01-06,1274.0
2015-01-07,1232.5
2015-01-08,1194.8000000000002
2015-01-09,1129.0
2015-01-10,1122.0
2015-01-11,1060.3999999999999
2015-01-12,1052.8
2015-01-13,1130.8
2015-01-14,1188.4
2015-01-15,1172.0
2015-01-16,1087.6
2015-01-17,1089.8000000000002
2015-01-18,999.4000000000001
2015-01-19,1011.0
2015-01-20,1125.9
2015-01-21,1191.6
2015-01-22,1241.2
2015-01-23,1234.8
2015-01-24,1259.6
2015-01-25,1194.6999999999998
2015-01-26,1176.1
2015-01-27,1160.1000000000001
2015-01-28,1170.1
2015-01-29,1108.1
2015-01-30,1122.8
2015-01-31,1191.5
2015-02-01,1240.7
2015-02-02,1349.0
2015-02-03,1376.4
2015-02-04,1360.2
2015-02-05,1308.3999999999999
2015-02-06,1273.0
2015-02-07,1180.3
2015-02-08,1148.1
2015-02-09,1108.4
2015-02-10,1090.5
2015-02-11,1067.9
2015-02-12,1028.2
2015-02-13,1029.0
2015-02-14,1184.3000000000002
2015-02-15,1195.8
2015-02-16,1226.3000000000002
2015-02-17,1281.3
2015-02-18,1327.6
2015-02-19,1225.2
2015-02-20,1244.2
2015-02-21,1246.5
2015-02-22,1227.1000000000001
2015-02-23,1173.9
2015-02-24,1164.0
2015-02-25,1173.1
2015-02-26,1157.8000000000002
2015-02-27,1178.5
2015-02-28,1296.9
2015-03-01,1308.5
2015-03-02,1284.4
2015-03-03,1275.9
2015-03-04,1193.9
2015-03-05,1054.4
2015-03-06,1076.6
2015-03-07,1103.6
2015-03-08,1061.9
2015-03-09,1110.2
2015-03-10,1138.6
2015-03-11,1100.5
2015-03-12,1024.1
2015-03-13,1056.5
2015-03-14,1056.8000000000002
2015-03-15,1047.6000000000001
2015-03-16,1070.7
2015-03-17,1092.1
2015-03-18,1098.7
2015-03-19,1148.2
2015-03-20,1197.1
2015-03-21,1175.3
2015-03-22,1147.9
2015-03-23,1122.6999999999998
2015-03-24,1040.1
2015-03-25,1036.5
2015-03-26,1006.3000000000001
2015-03-27,1001.4
2015-03-28,1061.1
2015-03-29,1094.6000000000001
2015-03-30,1004.8
2015-03-31,1298.6000000000001
2015-04-01,1334.2
2015-04-02,1321.9
2015-04-03,1334.9
2015-04-04,1471.3000000000002
2015-04-05,1120.4
2015-04-06,1114.9
2015-04-07,1095.4
2015-04-08,1112.3000000000002
2015-04-09,1027.0
2015-04-10,1071.0
2015-04-11,1110.3000000000002
2015-04-12,1013.7
2015-04-13,953.5
2015-04-14,1040.8
2015-04-15,1049.1000000000001
2015-04-16,1011.8000000000001
2015-04-17,1072.5
2015-04-18,1089.8
2015-04-19,958.6
2015-04-20,961.8000000000001
2015-04-21,1052.3000000000002
2015-04-22,1126.1999999999998
2015-04-23,1140.9
2015-04-24,1181.9
2015-04-25,1203.2
2015-04-26,1633.6
2015-04-27,1721.4
2015-04-28,1720.1
2015-04-29,1728.2
2015-04-30,1685.9
2015-05-01,1158.6000000000001
2015-05-02,1060.1999999999998
2015-05-03,1059.0
2015-05-04,1141.9
2015-05-05,1255.0
2015-05-06,1524.1000000000001
2015-05-07,1553.8
2015-05-08,1875.5
2015-05-09,1821.4
2015-05-10,1865.5
2015-05-11,1717.8000000000002
2015-05-12,1784.3000000000002
2015-05-13,1773.8000000000002
2015-05-14,1809.3
2015-05-15,1774.3
2015-05-16,1717.2
2015-05-17,1575.6999999999998
2015-05-18,1311.8
2015-05-19,1307.6
2015-05-20,1271.8999999999999
2015-05-21,1242.5
2015-05-22,1365.1
2015-05-23,1412.8000000000002
2015-05-24,1415.0
2015-05-25,1420.1
2015-05-26,1436.7
2015-05-27,1349.9
2015-05-28,1320.2
2015-05-29,1292.1999999999998
2015-05-30,1228.1
2015-05-31,1224.8999999999999
2015-06-01,1216.4
2015-06-02,1218.5
2015-06-03,1149.3000000000002
2015-06-04,1174.2
2015-06-05,1108.8999999999999
2015-06-06,1114.6999999999998
2015-06-07,1023.1
2015-06-08,1066.0
2015-06-09,1092.9
2015-06-10,1227.5
2015-06-11,1274.7
2015-06-12,1334.7
2015-06-13,1307.0
2015-06-14,1251.5
2015-06-15,1124.0
2015-06-16,1026.1999999999998
2015-06-17,1058.8000000000002
2015-06-18,1062.4
2015-06-19,1052.1
2015-06-20,1026.8999999999999
2015-06-21,1027.8000000000002
2015-06-22,938.8000000000001
2015-06-23,928.8
2015-06-24,998.5
2015-06-25,1029.5
2015-06-26,1045.6999999999998
2015-06-27,1096.5
2015-06-28,1102.1000000000001
2015-06-29,1052.8000000000002
2015-06-30,1098.9
2015-07-01,1082.5
2015-07-02,1099.1
2015-07-03,1116.6000000000001
2015-07-04,1321.6
2015-07-05,1446.1
2015-07-06,1478.3000000000002
2015-07-07,1491.1000000000001
2015-07-08,1616.3
2015-07-09,1481.1
2015-07-10,1313.6
2015-07-11,1362.4
2015-07-12,1293.6
2015-07-13,1199.8000000000002
2015-07-14,1189.6
2015-07-15,1289.2
2015-07-16,1265.0
2015-07-17,1377.0
2015-07-18,1446.6
2015-07-19,1509.1
2015-07-20,1539.0
2015-07-21,1552.9
2015-07-22,1399.4
2015-07-23,1286.2
2015-07-24,1188.8
2015-07-25,1105.9
2015-07-26,1042.1
2015-07-27,1169.5
2015-07-28,1434.8000000000002
2015-07-29,1483.5
2015-07-30,1451.4
2015-07-31,1519.8000000000002
2015-08-01,1458.1999999999998
2015-08-02,1227.1
2015-08-03,1143.8999999999999
2015-08-04,1236.9
2015-08-05,1197.1000000000001
2015-08-06,1196.7000000000003
2015-08-07,1182.3
2015-08-08,1272.1
2015-08-09,1162.4
2015-08-10,1213.5
2015-08-11,1301.6
2015-08-12,1351.2
2015-08-13,1239.0
2015-08-14,1342.6000000000001
2015-08-15,1361.6
2015-08-16,1296.2
2015-08-17,1228.7
2015-08-18,1295.7
2015-08-19,1218.4
2015-08-20,1110.3999999999999
2015-08-21,1105.5
2015-08-22,1153.2
2015-08-23,1126.3999999999999
2015-08-24,1183.4
2015-08-25,1251.6000000000001
2015-08-26,1272.4
2015-08-27,1278.2
2015-08-28,1326.0
2015-08-29,1339.9
2015-08-30,1271.6
2015-08-31,1217.4
2015-09-01,1244.4
2015-09-02,1225.65
2015-09-03,1135.25
2015-09-04,1125.85
2015-09-05,1085.15
2015-09-06,1055.95
2015-09-07,952.9000000000001
2015-09-08,1089.4
2015-09-09,1205.4
2015-09-10,1254.9
2015-09-11,1194.2
2015-09-12,1209.7
2015-09-13,1064.3000000000002
2015-09-14,965.5
2015-09-15,958.6
2015-09-16,961.1
2015-09-17,1222.01
2015-09-18,2161.91
2015-09-19,2450.11
2015-09-20,2698.01
2015-09-21,2802.41
2015-09-22,2769.4
2015-09-23,1934.4
2015-09-24,1665.4
2015-09-25,1453.1
2015-09-26,1342.5
2015-09-27,1227.7
2015-09-28,1126.1999999999998
2015-09-29,1093.1999999999998
2015-09-30,1074.0
2015-10-01,1116.2
2015-10-02,1009.5999999999999
2015-10-03,974.5
2015-10-04,1026.9
2015-10-05,965.0999999999999
2015-10-06,903.3000000000001
2015-10-07,915.6999999999999
2015-10-08,941.8
2015-10-09,819.3
2015-10-10,827.8
2015-10-11,789.6000000000001
2015-10-12,762.8
2015-10-13,831.1000000000001
2015-10-14,918.5
2015-10-15,906.2
2015-10-16,891.3000000000001
2015-10-17,874.5
2015-10-18,836.4000000000001
2015-10-19,804.5
2015-10-20,844.6
2015-10-21,940.4
2015-10-22,1046.1999999999998
2015-10-23,1015.8
2015-10-24,1067.3
2015-10-25,991.8999999999999
2015-10-26,932.2
2015-10-27,920.5999999999999
2015-10-28,963.3999999999999
2015-10-29,938.8
2015-10-30,950.5
2015-10-31,973.9
2015-11-01,909.0
2015-11-02,843.3
2015-11-03,837.33
2015-11-04,868.03
2015-11-05,930.93
2015-11-06,942.13
2015-11-07,942.23
2015-11-08,977.3000000000001
2015-11-09,1176.0
2015-11-10,1237.6999999999998
2015-11-11,1242.4
2015-11-12,1356.6
2015-11-13,1239.9
2015-11-14,1034.1799999999998
2015-11-15,952.3799999999999
2015-11-16,945.5799999999999
2015-11-17,928.98
2015-11-18,1066.28
2015-11-19,1122.8000000000002
2015-11-20,1110.2
2015-11-21,1127.8
2015-11-22,1086.6
2015-11-23,1030.4
2015-11-24,978.0
2015-11-25,981.9
2015-11-26,1025.8
2015-11-27,997.9
2015-11-28,992.3
2015-11-29,1031.4
2015-11-30,952.0
2015-12-01,877.7
2015-12-02,878.0999999999999
2015-12-03,889.4000000000001
2015-12-04,850.0
2015-12-05,872.4
2015-12-06,870.0
2015-12-07,867.0
2015-12-08,967.3
2015-12-09,959.9000000000001
2015-12-10,1243.4
2015-12-11,1316.7
2015-12-12,1275.6
2015-12-13,1129.4
2015-12-14,1118.6
2015-12-15,860.0
2015-12-16,833.1000000000001
2015-12-17,787.2
2015-12-18,760.6
2015-12-19,754.4
2015-12-20,765.2
2015-12-21,763.7
2015-12-22,787.7
2015-12-23,801.8000000000001
2015-12-24,838.9000000000001
2015-12-25,840.5999999999999
2015-12-26,845.4000000000001
2015-12-27,895.8000000000001
2015-12-28,917.1500000000001
2015-12-29,876.25
2015-12-30,854.22
2015-12-31,769.2100000000002
2016-01-01,702.51
